[
    {
        "date": "05 Jul 2022 00:00:00 +0000",
        "description": "【影片名称】：被痴汉盯上的女学生 <br>\n【出演女优】：广濑海<br>\n【影片容量】：5.08G<br>\n【是否有码】：无码<br>\n【种子期限】：5种或健康度1000<br>\n【下载工具】：比特彗星 比特精灵 uTorrent QBittorrent 迅雷极速版【请不要用迅雷官方版下载，官方版本已经被屏蔽】<br>\n【影片预览】：看不到图请挂代理或点右键显示图片<br>\n<div>\n<img src=\"https://www.98tuch.net/tupian/forum/202207/05/155207jwsdtcxcpwufpu0q.jpg\" referrerpolicy=\"no-referrer\">\n<div class=\"tip tip_4 aimg_tip\" id=\"aimg_2109479_menu\" style=\"position: absolute; display: none\" disautofocus=\"true\">\n<div class=\"xs0\">\n<p><strong>KAWD-684.jpg</strong> <em class=\"xg1\">(159.01 KB, 下载次数: 0)</em></p>\n<p>\n<a href=\"https://www.98tuch.net/tupian/forum/202207/05/155207jwsdtcxcpwufpu0q.jpg\" target=\"_blank\">下载附件</a>\n</p>\n<p class=\"xg1 y\"><span title=\"2022-07-05 15:52\">4&nbsp;小时前</span> 上传</p>\n</div>\n<div class=\"tip_horn\"></div>\n</div>\n</div>\n<br>\n<div>\n<img src=\"https://www.98tuch.net/tupian/forum/202207/05/155207np7a8fp5bbafgegp.jpg\" referrerpolicy=\"no-referrer\">\n<div class=\"tip tip_4 aimg_tip\" id=\"aimg_2109480_menu\" style=\"position: absolute; display: none\" disautofocus=\"true\">\n<div class=\"xs0\">\n<p><strong>kawd-684-C.jpg</strong> <em class=\"xg1\">(293.74 KB, 下载次数: 0)</em></p>\n<p>\n<a href=\"https://www.98tuch.net/tupian/forum/202207/05/155207np7a8fp5bbafgegp.jpg\" target=\"_blank\">下载附件</a>\n</p>\n<p class=\"xg1 y\"><span title=\"2022-07-05 15:52\">4&nbsp;小时前</span> 上传</p>\n</div>\n<div class=\"tip_horn\"></div>\n</div>\n</div>\n<br>\n磁力链接：<br> <div class=\"blockcode\"><div id=\"code_fkX\"><ol><li>magnet:?xt=urn:btih:8F0EC3261BF3281C28FC355EA6C8C9568A667010</li></ol></div><em onclick=\"if (!window.__cfRLUnblockHandlers) return false; copycode($('code_fkX'));\" data-cf-modified-28f157c0b8f532484cd80b99-=\"\">复制代码</em></div><br>\n<br>\n",
        "id": "https://www.sehuatang.net/thread-901400-1-1.html",
        "link": "https://www.sehuatang.net/thread-901400-1-1.html",
        "title": "[有码高清] KAWD-684 被痴汉盯上的女学生 广濑海",
        "torrentURL": "magnet:?xt=urn:btih:8F0EC3261BF3281C28FC355EA6C8C9568A667010"
    },
    {
        "date": "05 Jul 2022 00:00:00 +0000",
        "description": "【影片名称】：单独强奸maniacs 巨乳牙科护士篇<br>\n【出演女优】：三船可怜<br>\n【影片容量】：5.78G<br>\n【是否有码】：无码<br>\n【种子期限】：5种或健康度1000<br>\n【下载工具】：比特彗星 比特精灵 uTorrent QBittorrent 迅雷极速版【请不要用迅雷官方版下载，官方版本已经被屏蔽】<br>\n【影片预览】：看不到图请挂代理或点右键显示图片<br>\n<div>\n<img src=\"https://www.98tuch.net/tupian/forum/202207/05/155758xyzj6p336s4hj5jj.jpg\" referrerpolicy=\"no-referrer\">\n<div class=\"tip tip_4 aimg_tip\" id=\"aimg_2109535_menu\" style=\"position: absolute; display: none\" disautofocus=\"true\">\n<div class=\"xs0\">\n<p><strong>SHKD-864.jpg</strong> <em class=\"xg1\">(151.49 KB, 下载次数: 0)</em></p>\n<p>\n<a href=\"https://www.98tuch.net/tupian/forum/202207/05/155758xyzj6p336s4hj5jj.jpg\" target=\"_blank\">下载附件</a>\n</p>\n<p class=\"xg1 y\"><span title=\"2022-07-05 15:57\">4&nbsp;小时前</span> 上传</p>\n</div>\n<div class=\"tip_horn\"></div>\n</div>\n</div>\n<br>\n<div>\n<img src=\"https://www.98tuch.net/tupian/forum/202207/05/155758djf7ejre7hfljnic.jpg\" referrerpolicy=\"no-referrer\">\n<div class=\"tip tip_4 aimg_tip\" id=\"aimg_2109536_menu\" style=\"position: absolute; display: none\" disautofocus=\"true\">\n<div class=\"xs0\">\n<p><strong>shkd-864-C.jpg</strong> <em class=\"xg1\">(249.09 KB, 下载次数: 0)</em></p>\n<p>\n<a href=\"https://www.98tuch.net/tupian/forum/202207/05/155758djf7ejre7hfljnic.jpg\" target=\"_blank\">下载附件</a>\n</p>\n<p class=\"xg1 y\"><span title=\"2022-07-05 15:57\">4&nbsp;小时前</span> 上传</p>\n</div>\n<div class=\"tip_horn\"></div>\n</div>\n</div>\n<br>\n磁力链接：<br> <div class=\"blockcode\"><div id=\"code_fq2\"><ol><li>magnet:?xt=urn:btih:1F23CAC3119B5A07B88ECEC6830D9D5DD08E42BC</li></ol></div><em onclick=\"if (!window.__cfRLUnblockHandlers) return false; copycode($('code_fq2'));\" data-cf-modified-8a59e1bcc7c31df98e499a2c-=\"\">复制代码</em></div><br>\n<br>\n",
        "id": "https://www.sehuatang.net/thread-901409-1-1.html",
        "link": "https://www.sehuatang.net/thread-901409-1-1.html",
        "title": "[有码高清] SHKD-864 单独强奸maniacs 巨乳牙科护士篇 三船可怜",
        "torrentURL": "magnet:?xt=urn:btih:1F23CAC3119B5A07B88ECEC6830D9D5DD08E42BC"
    },
    {
        "date": "06 Jul 2022 00:00:00 +0000",
        "description": "【影片名称】：处男的我被巨乳家庭教师当成玩具<br>\n【出演女优】：河合ののか &nbsp; &nbsp; &nbsp; &nbsp; <br>\n【影片容量】：5.72G<br>\n【是否有码】：有码<br>\n【种子期限】：5种或健康度1000<br>\n【下载工具】：比特彗星 比特精灵 uTorrent QBittorrent 迅雷极速版【请不要用迅雷官方版下载，官方版本已经被屏蔽】<br>\n【影片预览】：看不到图请挂代理或点右键显示图片<br>\n<div>\n<img src=\"https://www.98tuch.net/tupian/forum/202207/06/151441uupa7qaam3upuuyu.jpg\" referrerpolicy=\"no-referrer\">\n<div class=\"tip tip_4 aimg_tip\" id=\"aimg_2112100_menu\" style=\"position: absolute; display: none\" disautofocus=\"true\">\n<div class=\"xs0\">\n<p><strong>KTKC-096.jpg</strong> <em class=\"xg1\">(182.03 KB, 下载次数: 0)</em></p>\n<p>\n<a href=\"https://www.98tuch.net/tupian/forum/202207/06/151441uupa7qaam3upuuyu.jpg\" target=\"_blank\">下载附件</a>\n</p>\n<p class=\"xg1 y\"><span title=\"2022-07-06 15:14\">4&nbsp;分钟前</span> 上传</p>\n</div>\n<div class=\"tip_horn\"></div>\n</div>\n</div>\n<br>\n<div>\n<img src=\"https://www.98tuch.net/tupian/forum/202207/06/151441q5eb6zl78eeeu55d.jpg\" referrerpolicy=\"no-referrer\">\n<div class=\"tip tip_4 aimg_tip\" id=\"aimg_2112101_menu\" style=\"position: absolute; display: none\" disautofocus=\"true\">\n<div class=\"xs0\">\n<p><strong>ktkc-096-C.jpg</strong> <em class=\"xg1\">(286.08 KB, 下载次数: 0)</em></p>\n<p>\n<a href=\"https://www.98tuch.net/tupian/forum/202207/06/151441q5eb6zl78eeeu55d.jpg\" target=\"_blank\">下载附件</a>\n</p>\n<p class=\"xg1 y\"><span title=\"2022-07-06 15:14\">4&nbsp;分钟前</span> 上传</p>\n</div>\n<div class=\"tip_horn\"></div>\n</div>\n</div>\n<br>\n磁力链接：<br> <div class=\"blockcode\"><div id=\"code_oOP\"><ol><li>magnet:?xt=urn:btih:127E858ADE407EFFF49716E14EA20F1AF368EB49</li></ol></div><em onclick=\"if (!window.__cfRLUnblockHandlers) return false; copycode($('code_oOP'));\" data-cf-modified-35cfd256eba6ca2390c6ca94-=\"\">复制代码</em></div><br>\n<br>\n",
        "id": "https://www.sehuatang.net/thread-902303-1-1.html",
        "link": "https://www.sehuatang.net/thread-902303-1-1.html",
        "title": "[有码高清] KTKC-096 处男的我被巨乳家庭教师当成玩具 MISATO",
        "torrentURL": "magnet:?xt=urn:btih:127E858ADE407EFFF49716E14EA20F1AF368EB49"
    },
    {
        "date": "05 Jul 2022 00:00:00 +0000",
        "description": "【影片名称】：团地妻的中出愿望<br>\n【出演女优】：青木玲 白咲未羽 水野朝阳<br>\n【影片容量】：5.11G<br>\n【是否有码】：无码<br>\n【种子期限】：5种或健康度1000<br>\n【下载工具】：比特彗星 比特精灵 uTorrent QBittorrent 迅雷极速版【请不要用迅雷官方版下载，官方版本已经被屏蔽】<br>\n【影片预览】：看不到图请挂代理或点右键显示图片<br>\n<div>\n<img src=\"https://www.98tuch.net/tupian/forum/202207/05/155515fokvtkiknvpxpai1.jpg\" referrerpolicy=\"no-referrer\">\n<div class=\"tip tip_4 aimg_tip\" id=\"aimg_2109513_menu\" style=\"position: absolute; display: none\" disautofocus=\"true\">\n<div class=\"xs0\">\n<p><strong>MCSR-119.jpg</strong> <em class=\"xg1\">(209.29 KB, 下载次数: 0)</em></p>\n<p>\n<a href=\"https://www.98tuch.net/tupian/forum/202207/05/155515fokvtkiknvpxpai1.jpg\" target=\"_blank\">下载附件</a>\n</p>\n<p class=\"xg1 y\"><span title=\"2022-07-05 15:55\">4&nbsp;小时前</span> 上传</p>\n</div>\n<div class=\"tip_horn\"></div>\n</div>\n</div>\n<br>\n<div>\n<img src=\"https://www.98tuch.net/tupian/forum/202207/05/155515uo7nddqyb3r6lqjj.jpg\" referrerpolicy=\"no-referrer\">\n<div class=\"tip tip_4 aimg_tip\" id=\"aimg_2109514_menu\" style=\"position: absolute; display: none\" disautofocus=\"true\">\n<div class=\"xs0\">\n<p><strong>mcsr-119-C.jpg</strong> <em class=\"xg1\">(296.33 KB, 下载次数: 0)</em></p>\n<p>\n<a href=\"https://www.98tuch.net/tupian/forum/202207/05/155515uo7nddqyb3r6lqjj.jpg\" target=\"_blank\">下载附件</a>\n</p>\n<p class=\"xg1 y\"><span title=\"2022-07-05 15:55\">4&nbsp;小时前</span> 上传</p>\n</div>\n<div class=\"tip_horn\"></div>\n</div>\n</div>\n<br>\n磁力链接：<br> <div class=\"blockcode\"><div id=\"code_iWv\"><ol><li>magnet:?xt=urn:btih:391F6C6F6C24DF94895DD193A053A01D632AF67D</li></ol></div><em onclick=\"if (!window.__cfRLUnblockHandlers) return false; copycode($('code_iWv'));\" data-cf-modified-d0eea8f89137a19fce89a258-=\"\">复制代码</em></div><br>\n<br>\n",
        "id": "https://www.sehuatang.net/thread-901405-1-1.html",
        "link": "https://www.sehuatang.net/thread-901405-1-1.html",
        "title": "[有码高清] MCSR-119 团地妻的中出愿望 青木玲 白咲未羽 水野朝阳",
        "torrentURL": "magnet:?xt=urn:btih:391F6C6F6C24DF94895DD193A053A01D632AF67D"
    },
    {
        "date": "05 Jul 2022 00:00:00 +0000",
        "description": "【影片名称】：美人按摩师 湿润密着<br>\n【出演女优】：芦名ユリア 水野朝陽 <br>\n【影片容量】：5.29G<br>\n【是否有码】：无码<br>\n【种子期限】：5种或健康度1000<br>\n【下载工具】：比特彗星 比特精灵 uTorrent QBittorrent 迅雷极速版【请不要用迅雷官方版下载，官方版本已经被屏蔽】<br>\n【影片预览】：看不到图请挂代理或点右键显示图片<br>\n<div>\n<img src=\"https://www.98tuch.net/tupian/forum/202207/05/155248ybmy8pjkm4ybzybk.jpg\" referrerpolicy=\"no-referrer\">\n<div class=\"tip tip_4 aimg_tip\" id=\"aimg_2109484_menu\" style=\"position: absolute; display: none\" disautofocus=\"true\">\n<div class=\"xs0\">\n<p><strong>KIL-087.jpg</strong> <em class=\"xg1\">(210.24 KB, 下载次数: 0)</em></p>\n<p>\n<a href=\"https://www.98tuch.net/tupian/forum/202207/05/155248ybmy8pjkm4ybzybk.jpg\" target=\"_blank\">下载附件</a>\n</p>\n<p class=\"xg1 y\"><span title=\"2022-07-05 15:52\">4&nbsp;小时前</span> 上传</p>\n</div>\n<div class=\"tip_horn\"></div>\n</div>\n</div>\n<br>\n<div>\n<img src=\"https://www.98tuch.net/tupian/forum/202207/05/155248nixzry23y1xu9uy2.jpg\" referrerpolicy=\"no-referrer\">\n<div class=\"tip tip_4 aimg_tip\" id=\"aimg_2109485_menu\" style=\"position: absolute; display: none\" disautofocus=\"true\">\n<div class=\"xs0\">\n<p><strong>kil-087-C.jpg</strong> <em class=\"xg1\">(289.73 KB, 下载次数: 0)</em></p>\n<p>\n<a href=\"https://www.98tuch.net/tupian/forum/202207/05/155248nixzry23y1xu9uy2.jpg\" target=\"_blank\">下载附件</a>\n</p>\n<p class=\"xg1 y\"><span title=\"2022-07-05 15:52\">4&nbsp;小时前</span> 上传</p>\n</div>\n<div class=\"tip_horn\"></div>\n</div>\n</div>\n<br>\n磁力链接：<br> <div class=\"blockcode\"><div id=\"code_OAf\"><ol><li>magnet:?xt=urn:btih:D492A2C752C2C89D45587254F87CC3CD19060EE6</li></ol></div><em onclick=\"if (!window.__cfRLUnblockHandlers) return false; copycode($('code_OAf'));\" data-cf-modified-f30f980c31d98df772349847-=\"\">复制代码</em></div><br>\n<br>\n",
        "id": "https://www.sehuatang.net/thread-901401-1-1.html",
        "link": "https://www.sehuatang.net/thread-901401-1-1.html",
        "title": "[有码高清] KIL-087 美人按摩师 湿润密着",
        "torrentURL": "magnet:?xt=urn:btih:D492A2C752C2C89D45587254F87CC3CD19060EE6"
    },
    {
        "date": "06 Jul 2022 00:00:00 +0000",
        "description": "【影片名称】：花甲之年的初次拍摄 <br>\n【出演女优】：佐久间顺子<br>\n【影片容量】：4.62G<br>\n【是否有码】：有码<br>\n【种子期限】：5种或健康度1000<br>\n【下载工具】：比特彗星 比特精灵 uTorrent QBittorrent 迅雷极速版【请不要用迅雷官方版下载，官方版本已经被屏蔽】<br>\n【影片预览】：看不到图请挂代理或点右键显示图片<br>\n<div>\n<img src=\"https://www.98tuch.net/tupian/forum/202207/06/151651guizllooc8j7sski.jpg\" referrerpolicy=\"no-referrer\">\n<div class=\"tip tip_4 aimg_tip\" id=\"aimg_2112113_menu\" style=\"position: absolute; display: none\" disautofocus=\"true\">\n<div class=\"xs0\">\n<p><strong>NYKD-104.jpg</strong> <em class=\"xg1\">(192.39 KB, 下载次数: 0)</em></p>\n<p>\n<a href=\"https://www.98tuch.net/tupian/forum/202207/06/151651guizllooc8j7sski.jpg\" target=\"_blank\">下载附件</a>\n</p>\n<p class=\"xg1 y\"><span title=\"2022-07-06 15:16\">2&nbsp;分钟前</span> 上传</p>\n</div>\n<div class=\"tip_horn\"></div>\n</div>\n</div>\n<div>\n<img src=\"https://www.98tuch.net/tupian/forum/202207/06/151652bx5yz5ys6aygxaxa.jpg\" referrerpolicy=\"no-referrer\">\n<div class=\"tip tip_4 aimg_tip\" id=\"aimg_2112114_menu\" style=\"position: absolute; display: none\" disautofocus=\"true\">\n<div class=\"xs0\">\n<p><strong>nykd-104-C.jpg</strong> <em class=\"xg1\">(309.25 KB, 下载次数: 0)</em></p>\n<p>\n<a href=\"https://www.98tuch.net/tupian/forum/202207/06/151652bx5yz5ys6aygxaxa.jpg\" target=\"_blank\">下载附件</a>\n</p>\n<p class=\"xg1 y\"><span title=\"2022-07-06 15:16\">2&nbsp;分钟前</span> 上传</p>\n</div>\n<div class=\"tip_horn\"></div>\n</div>\n</div>\n<br>\n磁力链接：<br> <div class=\"blockcode\"><div id=\"code_sLa\"><ol><li>magnet:?xt=urn:btih:C211AD6D87732E07D37F609DFD30D8DC54627D22</li></ol></div><em onclick=\"if (!window.__cfRLUnblockHandlers) return false; copycode($('code_sLa'));\" data-cf-modified-ee50a2e0ed77683c50da97a7-=\"\">复制代码</em></div><br>\n<br>\n",
        "id": "https://www.sehuatang.net/thread-902307-1-1.html",
        "link": "https://www.sehuatang.net/thread-902307-1-1.html",
        "title": "[有码高清] NYKD-104 花甲之年的初次拍摄 佐久间顺子",
        "torrentURL": "magnet:?xt=urn:btih:C211AD6D87732E07D37F609DFD30D8DC54627D22"
    },
    {
        "date": "06 Jul 2022 00:00:00 +0000",
        "description": "【影片名称】：诱惑我的隔壁大姐姐 <br>\n【出演女优】：佐佐木绘美<br>\n【影片容量】：5.09G<br>\n【是否有码】：有码<br>\n【种子期限】：5种或健康度1000<br>\n【下载工具】：比特彗星 比特精灵 uTorrent QBittorrent 迅雷极速版【请不要用迅雷官方版下载，官方版本已经被屏蔽】<br>\n【影片预览】：看不到图请挂代理或点右键显示图片<br>\n<div>\n<img src=\"https://www.98tuch.net/tupian/forum/202207/06/144427eljgu2iqmss9rg9o.jpg\" referrerpolicy=\"no-referrer\">\n<div class=\"tip tip_4 aimg_tip\" id=\"aimg_2111985_menu\" style=\"position: absolute; display: none\" disautofocus=\"true\">\n<div class=\"xs0\">\n<p><strong>ABS-235.jpg</strong> <em class=\"xg1\">(161.97 KB, 下载次数: 0)</em></p>\n<p>\n<a href=\"https://www.98tuch.net/tupian/forum/202207/06/144427eljgu2iqmss9rg9o.jpg\" target=\"_blank\">下载附件</a>\n</p>\n<p class=\"xg1 y\"><span title=\"2022-07-06 14:44\">29&nbsp;分钟前</span> 上传</p>\n</div>\n<div class=\"tip_horn\"></div>\n</div>\n</div>\n<br>\n<div>\n<img src=\"https://www.98tuch.net/tupian/forum/202207/06/144427ezbq7mefmkkf6umj.jpg\" referrerpolicy=\"no-referrer\">\n<div class=\"tip tip_4 aimg_tip\" id=\"aimg_2111986_menu\" style=\"position: absolute; display: none\" disautofocus=\"true\">\n<div class=\"xs0\">\n<p><strong>abs-235-C.jpg</strong> <em class=\"xg1\">(266.26 KB, 下载次数: 0)</em></p>\n<p>\n<a href=\"https://www.98tuch.net/tupian/forum/202207/06/144427ezbq7mefmkkf6umj.jpg\" target=\"_blank\">下载附件</a>\n</p>\n<p class=\"xg1 y\"><span title=\"2022-07-06 14:44\">29&nbsp;分钟前</span> 上传</p>\n</div>\n<div class=\"tip_horn\"></div>\n</div>\n</div>\n<br>\n磁力链接：<br> <div class=\"blockcode\"><div id=\"code_u53\"><ol><li>magnet:?xt=urn:btih:DF071985C85BC5E04B91C546F0D99A9EB1B9E2E5</li></ol></div><em onclick=\"if (!window.__cfRLUnblockHandlers) return false; copycode($('code_u53'));\" data-cf-modified-1e1e7c61d1a5d019ffaef571-=\"\">复制代码</em></div><br>\n<br>\n",
        "id": "https://www.sehuatang.net/thread-902295-1-1.html",
        "link": "https://www.sehuatang.net/thread-902295-1-1.html",
        "title": "[有码高清] ABS-235 诱惑我的隔壁大姐姐 佐佐木绘美",
        "torrentURL": "magnet:?xt=urn:btih:DF071985C85BC5E04B91C546F0D99A9EB1B9E2E5"
    },
    {
        "date": "05 Jul 2022 00:00:00 +0000",
        "description": "【影片名称】：女学生限定的性感沙龙<br>\n【出演女优】：<br>\n【影片容量】：9.81G<br>\n【是否有码】：无码<br>\n【种子期限】：5种或健康度1000<br>\n【下载工具】：比特彗星 比特精灵 uTorrent QBittorrent 迅雷极速版【请不要用迅雷官方版下载，官方版本已经被屏蔽】<br>\n【影片预览】：看不到图请挂代理或点右键显示图片<br>\n<div>\n<img src=\"https://www.98tuch.net/tupian/forum/202207/05/155600ig5g9g14111lcs5k.jpg\" referrerpolicy=\"no-referrer\">\n<div class=\"tip tip_4 aimg_tip\" id=\"aimg_2109526_menu\" style=\"position: absolute; display: none\" disautofocus=\"true\">\n<div class=\"xs0\">\n<p><strong>MDB-365.jpg</strong> <em class=\"xg1\">(187.92 KB, 下载次数: 0)</em></p>\n<p>\n<a href=\"https://www.98tuch.net/tupian/forum/202207/05/155600ig5g9g14111lcs5k.jpg\" target=\"_blank\">下载附件</a>\n</p>\n<p class=\"xg1 y\"><span title=\"2022-07-05 15:56\">4&nbsp;小时前</span> 上传</p>\n</div>\n<div class=\"tip_horn\"></div>\n</div>\n</div>\n<br>\n<div>\n<img src=\"https://www.98tuch.net/tupian/forum/202207/05/155600wsjhvvevdh2s1sfj.jpg\" referrerpolicy=\"no-referrer\">\n<div class=\"tip tip_4 aimg_tip\" id=\"aimg_2109527_menu\" style=\"position: absolute; display: none\" disautofocus=\"true\">\n<div class=\"xs0\">\n<p><strong>mdb-365-C.jpg</strong> <em class=\"xg1\">(310.78 KB, 下载次数: 0)</em></p>\n<p>\n<a href=\"https://www.98tuch.net/tupian/forum/202207/05/155600wsjhvvevdh2s1sfj.jpg\" target=\"_blank\">下载附件</a>\n</p>\n<p class=\"xg1 y\"><span title=\"2022-07-05 15:56\">4&nbsp;小时前</span> 上传</p>\n</div>\n<div class=\"tip_horn\"></div>\n</div>\n</div>\n<br>\n磁力链接：<br> <div class=\"blockcode\"><div id=\"code_e4u\"><ol><li>magnet:?xt=urn:btih:BA30A14AF30B86129E16AD869B6E35B28BB87269</li></ol></div><em onclick=\"if (!window.__cfRLUnblockHandlers) return false; copycode($('code_e4u'));\" data-cf-modified-65711aaaff866ecfffaec705-=\"\">复制代码</em></div><br>\n<br>\n",
        "id": "https://www.sehuatang.net/thread-901406-1-1.html",
        "link": "https://www.sehuatang.net/thread-901406-1-1.html",
        "title": "[有码高清] MDB-365 女学生限定的性感沙龙",
        "torrentURL": "magnet:?xt=urn:btih:BA30A14AF30B86129E16AD869B6E35B28BB87269"
    },
    {
        "date": "05 Jul 2022 00:00:00 +0000",
        "description": "【影片名称】：工作自由的萝莉社长 <br>\n【出演女优】：水泽美优<br>\n【影片容量】：5.96G<br>\n【是否有码】：无码<br>\n【种子期限】：5种或健康度1000<br>\n【下载工具】：比特彗星 比特精灵 uTorrent QBittorrent 迅雷极速版【请不要用迅雷官方版下载，官方版本已经被屏蔽】<br>\n【影片预览】：看不到图请挂代理或点右键显示图片<br>\n<div>\n<img src=\"https://www.98tuch.net/tupian/forum/202207/05/155415oz2yy2g9eto921ly.jpg\" referrerpolicy=\"no-referrer\">\n<div class=\"tip tip_4 aimg_tip\" id=\"aimg_2109505_menu\" style=\"position: absolute; display: none\" disautofocus=\"true\">\n<div class=\"xs0\">\n<p><strong>LIME-003.jpg</strong> <em class=\"xg1\">(164.85 KB, 下载次数: 0)</em></p>\n<p>\n<a href=\"https://www.98tuch.net/tupian/forum/202207/05/155415oz2yy2g9eto921ly.jpg\" target=\"_blank\">下载附件</a>\n</p>\n<p class=\"xg1 y\"><span title=\"2022-07-05 15:54\">4&nbsp;小时前</span> 上传</p>\n</div>\n<div class=\"tip_horn\"></div>\n</div>\n</div>\n<br>\n<div>\n<img src=\"https://www.98tuch.net/tupian/forum/202207/05/155416svi8u626ii52o1f2.jpg\" referrerpolicy=\"no-referrer\">\n<div class=\"tip tip_4 aimg_tip\" id=\"aimg_2109506_menu\" style=\"position: absolute; display: none\" disautofocus=\"true\">\n<div class=\"xs0\">\n<p><strong>lime-003-C.jpg</strong> <em class=\"xg1\">(321.56 KB, 下载次数: 0)</em></p>\n<p>\n<a href=\"https://www.98tuch.net/tupian/forum/202207/05/155416svi8u626ii52o1f2.jpg\" target=\"_blank\">下载附件</a>\n</p>\n<p class=\"xg1 y\"><span title=\"2022-07-05 15:54\">4&nbsp;小时前</span> 上传</p>\n</div>\n<div class=\"tip_horn\"></div>\n</div>\n</div>\n<br>\n磁力链接：<br> <div class=\"blockcode\"><div id=\"code_O8U\"><ol><li>magnet:?xt=urn:btih:60A58F8BBF7543A4FC6FEF6EE8E19F066A467D1A</li></ol></div><em onclick=\"if (!window.__cfRLUnblockHandlers) return false; copycode($('code_O8U'));\" data-cf-modified-61f27ad1a8a2b045ab76e1b0-=\"\">复制代码</em></div><br>\n<br>\n",
        "id": "https://www.sehuatang.net/thread-901404-1-1.html",
        "link": "https://www.sehuatang.net/thread-901404-1-1.html",
        "title": "[有码高清] LIME-003 工作自由的萝莉社长 水泽美优",
        "torrentURL": "magnet:?xt=urn:btih:60A58F8BBF7543A4FC6FEF6EE8E19F066A467D1A"
    },
    {
        "date": "05 Jul 2022 00:00:00 +0000",
        "description": "【影片名称】：丰满朴素 童颜爆乳 绝叫狂乱中出 肉棒堕落<br>\n【出演女优】： MINORI<br>\n【影片容量】：6.18G<br>\n【是否有码】：无码<br>\n【种子期限】：5种或健康度1000<br>\n【下载工具】：比特彗星 比特精灵 uTorrent QBittorrent 迅雷极速版【请不要用迅雷官方版下载，官方版本已经被屏蔽】<br>\n【影片预览】：看不到图请挂代理或点右键显示图片<br>\n<div>\n<img src=\"https://www.98tuch.net/tupian/forum/202207/05/155331pr5njhihh5gkq4hj.jpg\" referrerpolicy=\"no-referrer\">\n<div class=\"tip tip_4 aimg_tip\" id=\"aimg_2109497_menu\" style=\"position: absolute; display: none\" disautofocus=\"true\">\n<div class=\"xs0\">\n<p><strong>KTKC-051.jpg</strong> <em class=\"xg1\">(182.79 KB, 下载次数: 0)</em></p>\n<p>\n<a href=\"https://www.98tuch.net/tupian/forum/202207/05/155331pr5njhihh5gkq4hj.jpg\" target=\"_blank\">下载附件</a>\n</p>\n<p class=\"xg1 y\"><span title=\"2022-07-05 15:53\">4&nbsp;小时前</span> 上传</p>\n</div>\n<div class=\"tip_horn\"></div>\n</div>\n</div>\n<br>\n<div>\n<img src=\"https://www.98tuch.net/tupian/forum/202207/05/155332loy7lr8rrr903y8z.jpg\" referrerpolicy=\"no-referrer\">\n<div class=\"tip tip_4 aimg_tip\" id=\"aimg_2109498_menu\" style=\"position: absolute; display: none\" disautofocus=\"true\">\n<div class=\"xs0\">\n<p><strong>ktkc-051-C.jpg</strong> <em class=\"xg1\">(341.02 KB, 下载次数: 0)</em></p>\n<p>\n<a href=\"https://www.98tuch.net/tupian/forum/202207/05/155332loy7lr8rrr903y8z.jpg\" target=\"_blank\">下载附件</a>\n</p>\n<p class=\"xg1 y\"><span title=\"2022-07-05 15:53\">4&nbsp;小时前</span> 上传</p>\n</div>\n<div class=\"tip_horn\"></div>\n</div>\n</div>\n<br>\n磁力链接：<br> <div class=\"blockcode\"><div id=\"code_Gbn\"><ol><li>magnet:?xt=urn:btih:268C195CF53013ACDC4B1F7864F8B71B58E20D05</li></ol></div><em onclick=\"if (!window.__cfRLUnblockHandlers) return false; copycode($('code_Gbn'));\" data-cf-modified-b2f9d3a585f7ed52a2f7aabe-=\"\">复制代码</em></div><br>\n<br>\n",
        "id": "https://www.sehuatang.net/thread-901403-1-1.html",
        "link": "https://www.sehuatang.net/thread-901403-1-1.html",
        "title": "[有码高清] KTKC-051 丰满朴素 童颜爆乳 绝叫狂乱中出 肉棒堕落 MINORI",
        "torrentURL": "magnet:?xt=urn:btih:268C195CF53013ACDC4B1F7864F8B71B58E20D05"
    },
    {
        "date": "05 Jul 2022 00:00:00 +0000",
        "description": "【影片名称】：【老公对不起】在遗像前数次高潮的未亡人<br>\n【出演女优】：塚田詩織 植木翔子 城咲京花 <br>\n【影片容量】：7.65G<br>\n【是否有码】：无码<br>\n【种子期限】：5种或健康度1000<br>\n【下载工具】：比特彗星 比特精灵 uTorrent QBittorrent 迅雷极速版【请不要用迅雷官方版下载，官方版本已经被屏蔽】<br>\n【影片预览】：看不到图请挂代理或点右键显示图片<br>\n<div>\n<img src=\"https://www.98tuch.net/tupian/forum/202207/05/155717qw2tjtg9n2cgg32n.jpg\" referrerpolicy=\"no-referrer\">\n<div class=\"tip tip_4 aimg_tip\" id=\"aimg_2109532_menu\" style=\"position: absolute; display: none\" disautofocus=\"true\">\n<div class=\"xs0\">\n<p><strong>MDVHJ-021.jpg</strong> <em class=\"xg1\">(205.75 KB, 下载次数: 0)</em></p>\n<p>\n<a href=\"https://www.98tuch.net/tupian/forum/202207/05/155717qw2tjtg9n2cgg32n.jpg\" target=\"_blank\">下载附件</a>\n</p>\n<p class=\"xg1 y\"><span title=\"2022-07-05 15:57\">4&nbsp;小时前</span> 上传</p>\n</div>\n<div class=\"tip_horn\"></div>\n</div>\n</div>\n<br>\n<div>\n<img src=\"https://www.98tuch.net/tupian/forum/202207/05/155717ooiiorj37lsz40yd.jpg\" referrerpolicy=\"no-referrer\">\n<div class=\"tip tip_4 aimg_tip\" id=\"aimg_2109533_menu\" style=\"position: absolute; display: none\" disautofocus=\"true\">\n<div class=\"xs0\">\n<p><strong>mdvhj-021-C.jpg</strong> <em class=\"xg1\">(330.4 KB, 下载次数: 0)</em></p>\n<p>\n<a href=\"https://www.98tuch.net/tupian/forum/202207/05/155717ooiiorj37lsz40yd.jpg\" target=\"_blank\">下载附件</a>\n</p>\n<p class=\"xg1 y\"><span title=\"2022-07-05 15:57\">4&nbsp;小时前</span> 上传</p>\n</div>\n<div class=\"tip_horn\"></div>\n</div>\n</div>\n<br>\n磁力链接：<br> <div class=\"blockcode\"><div id=\"code_MFe\"><ol><li>magnet:?xt=urn:btih:330E3F21A8955C0C26770DC917094CD0202E693B</li></ol></div><em onclick=\"if (!window.__cfRLUnblockHandlers) return false; copycode($('code_MFe'));\" data-cf-modified-2f785d355e2931b0403a5470-=\"\">复制代码</em></div><br>\n<br>\n",
        "id": "https://www.sehuatang.net/thread-901408-1-1.html",
        "link": "https://www.sehuatang.net/thread-901408-1-1.html",
        "title": "[有码高清] MDVHJ-021 【老公对不起】在遗像前数次高潮的未亡人",
        "torrentURL": "magnet:?xt=urn:btih:330E3F21A8955C0C26770DC917094CD0202E693B"
    },
    {
        "date": "05 Jul 2022 00:00:00 +0000",
        "description": "【影片名称】：放学后美少女回春reflection<br>\n【出演女优】： 沙月惠奈<br>\n【影片容量】：5.17G<br>\n【是否有码】：无码<br>\n【种子期限】：5种或健康度1000<br>\n【下载工具】：比特彗星 比特精灵 uTorrent QBittorrent 迅雷极速版【请不要用迅雷官方版下载，官方版本已经被屏蔽】<br>\n【影片预览】：看不到图请挂代理或点右键显示图片<br>\n<div>\n<img src=\"https://www.98tuch.net/tupian/forum/202207/05/155639i29pruu8z9pr5wgx.jpg\" referrerpolicy=\"no-referrer\">\n<div class=\"tip tip_4 aimg_tip\" id=\"aimg_2109529_menu\" style=\"position: absolute; display: none\" disautofocus=\"true\">\n<div class=\"xs0\">\n<p><strong>MDTM-769.jpg</strong> <em class=\"xg1\">(183.89 KB, 下载次数: 0)</em></p>\n<p>\n<a href=\"https://www.98tuch.net/tupian/forum/202207/05/155639i29pruu8z9pr5wgx.jpg\" target=\"_blank\">下载附件</a>\n</p>\n<p class=\"xg1 y\"><span title=\"2022-07-05 15:56\">4&nbsp;小时前</span> 上传</p>\n</div>\n<div class=\"tip_horn\"></div>\n</div>\n</div>\n<br>\n<div>\n<img src=\"https://www.98tuch.net/tupian/forum/202207/05/155639ud8gkg8p3p48z3ak.jpg\" referrerpolicy=\"no-referrer\">\n<div class=\"tip tip_4 aimg_tip\" id=\"aimg_2109530_menu\" style=\"position: absolute; display: none\" disautofocus=\"true\">\n<div class=\"xs0\">\n<p><strong>mdtm-769-C.jpg</strong> <em class=\"xg1\">(247.86 KB, 下载次数: 0)</em></p>\n<p>\n<a href=\"https://www.98tuch.net/tupian/forum/202207/05/155639ud8gkg8p3p48z3ak.jpg\" target=\"_blank\">下载附件</a>\n</p>\n<p class=\"xg1 y\"><span title=\"2022-07-05 15:56\">4&nbsp;小时前</span> 上传</p>\n</div>\n<div class=\"tip_horn\"></div>\n</div>\n</div>\n<br>\n磁力链接：<br> <div class=\"blockcode\"><div id=\"code_m8Z\"><ol><li>magnet:?xt=urn:btih:BA951B14361EFC4D4A757A532E63961284867730</li></ol></div><em onclick=\"if (!window.__cfRLUnblockHandlers) return false; copycode($('code_m8Z'));\" data-cf-modified-fbfa3fed9591f7cad7c4fd3f-=\"\">复制代码</em></div><br>\n<br>\n",
        "id": "https://www.sehuatang.net/thread-901407-1-1.html",
        "link": "https://www.sehuatang.net/thread-901407-1-1.html",
        "title": "[有码高清] MDTM-769 放学后美少女回春reflection 沙月惠奈",
        "torrentURL": "magnet:?xt=urn:btih:BA951B14361EFC4D4A757A532E63961284867730"
    },
    {
        "date": "06 Jul 2022 00:00:00 +0000",
        "description": "【影片名称】：上学途中被痴汉骚扰 尝到绝顶滋味的女学生<br>\n【出演女优】：凉宫铃<br>\n【影片容量】：4.98G<br>\n【是否有码】：有码<br>\n【种子期限】：5种或健康度1000<br>\n【下载工具】：比特彗星 比特精灵 uTorrent QBittorrent 迅雷极速版【请不要用迅雷官方版下载，官方版本已经被屏蔽】<br>\n【影片预览】：看不到图请挂代理或点右键显示图片<br>\n<div>\n<img src=\"https://www.98tuch.net/tupian/forum/202207/06/151938dv6m8ojzjmmyvjmv.jpg\" referrerpolicy=\"no-referrer\">\n<div class=\"tip tip_4 aimg_tip\" id=\"aimg_2112125_menu\" style=\"position: absolute; display: none\" disautofocus=\"true\">\n<div class=\"xs0\">\n<p><strong>TEAM-092.jpg</strong> <em class=\"xg1\">(167.91 KB, 下载次数: 0)</em></p>\n<p>\n<a href=\"https://www.98tuch.net/tupian/forum/202207/06/151938dv6m8ojzjmmyvjmv.jpg\" target=\"_blank\">下载附件</a>\n</p>\n<p class=\"xg1 y\"><span title=\"2022-07-06 15:19\">5&nbsp;分钟前</span> 上传</p>\n</div>\n<div class=\"tip_horn\"></div>\n</div>\n</div>\n<br>\n<div>\n<img src=\"https://www.98tuch.net/tupian/forum/202207/06/151939c2r4i67y2mr78z6h.jpg\" referrerpolicy=\"no-referrer\">\n<div class=\"tip tip_4 aimg_tip\" id=\"aimg_2112126_menu\" style=\"position: absolute; display: none\" disautofocus=\"true\">\n<div class=\"xs0\">\n<p><strong>team-092-C.jpg</strong> <em class=\"xg1\">(332.18 KB, 下载次数: 0)</em></p>\n<p>\n<a href=\"https://www.98tuch.net/tupian/forum/202207/06/151939c2r4i67y2mr78z6h.jpg\" target=\"_blank\">下载附件</a>\n</p>\n<p class=\"xg1 y\"><span title=\"2022-07-06 15:19\">5&nbsp;分钟前</span> 上传</p>\n</div>\n<div class=\"tip_horn\"></div>\n</div>\n</div>\n<br>\n磁力链接：<br> <div class=\"blockcode\"><div id=\"code_vK8\"><ol><li>magnet:?xt=urn:btih:0EF60D01D1B84B39EF0D968AF534D191B89779E3</li></ol></div><em onclick=\"if (!window.__cfRLUnblockHandlers) return false; copycode($('code_vK8'));\" data-cf-modified-971029737f1a0c371584114c-=\"\">复制代码</em></div><br>\n<br>\n",
        "id": "https://www.sehuatang.net/thread-902314-1-1.html",
        "link": "https://www.sehuatang.net/thread-902314-1-1.html",
        "title": "[有码高清] TEAM-092 上学途中被痴汉骚扰 尝到绝顶滋味的女学生 凉宫铃",
        "torrentURL": "magnet:?xt=urn:btih:0EF60D01D1B84B39EF0D968AF534D191B89779E3"
    },
    {
        "date": "06 Jul 2022 00:00:00 +0000",
        "description": "【影片名称】：在部员面前被侵犯的女经理人<br>\n【出演女优】：望月ちひろ <br>\n【影片容量】：5.04G<br>\n【是否有码】：有码<br>\n【种子期限】：5种或健康度1000<br>\n【下载工具】：比特彗星 比特精灵 uTorrent QBittorrent 迅雷极速版【请不要用迅雷官方版下载，官方版本已经被屏蔽】<br>\n【影片预览】：看不到图请挂代理或点右键显示图片<br>\n<div>\n<img src=\"https://www.98tuch.net/tupian/forum/202207/06/151203y9949m4zg346xn9g.jpg\" referrerpolicy=\"no-referrer\">\n<div class=\"tip tip_4 aimg_tip\" id=\"aimg_2112081_menu\" style=\"position: absolute; display: none\" disautofocus=\"true\">\n<div class=\"xs0\">\n<p><strong>DV-1218.jpg</strong> <em class=\"xg1\">(152.46 KB, 下载次数: 0)</em></p>\n<p>\n<a href=\"https://www.98tuch.net/tupian/forum/202207/06/151203y9949m4zg346xn9g.jpg\" target=\"_blank\">下载附件</a>\n</p>\n<p class=\"xg1 y\"><span title=\"2022-07-06 15:12\">1&nbsp;分钟前</span> 上传</p>\n</div>\n<div class=\"tip_horn\"></div>\n</div>\n</div>\n<br>\n<div>\n<img src=\"https://www.98tuch.net/tupian/forum/202207/06/151204k64yd6vcrv39r6d6.jpg\" referrerpolicy=\"no-referrer\">\n<div class=\"tip tip_4 aimg_tip\" id=\"aimg_2112082_menu\" style=\"position: absolute; display: none\" disautofocus=\"true\">\n<div class=\"xs0\">\n<p><strong>dv-1218-C.jpg</strong> <em class=\"xg1\">(268.83 KB, 下载次数: 0)</em></p>\n<p>\n<a href=\"https://www.98tuch.net/tupian/forum/202207/06/151204k64yd6vcrv39r6d6.jpg\" target=\"_blank\">下载附件</a>\n</p>\n<p class=\"xg1 y\"><span title=\"2022-07-06 15:12\">1&nbsp;分钟前</span> 上传</p>\n</div>\n<div class=\"tip_horn\"></div>\n</div>\n</div>\n<br>\n磁力链接：<br> <div class=\"blockcode\"><div id=\"code_XNK\"><ol><li>magnet:?xt=urn:btih:3BB03F447998C5CCF6B235E0F08482497D107E57</li></ol></div><em onclick=\"if (!window.__cfRLUnblockHandlers) return false; copycode($('code_XNK'));\" data-cf-modified-0e86f82dca06c58d8f320f7e-=\"\">复制代码</em></div><br>\n<br>\n",
        "id": "https://www.sehuatang.net/thread-902297-1-1.html",
        "link": "https://www.sehuatang.net/thread-902297-1-1.html",
        "title": "[有码高清] DV-1218 在部员面前被侵犯的女经理人",
        "torrentURL": "magnet:?xt=urn:btih:3BB03F447998C5CCF6B235E0F08482497D107E57"
    },
    {
        "date": "06 Jul 2022 00:00:00 +0000",
        "description": "【影片名称】：为了孩子们被连续侵犯的姐姐<br>\n【出演女优】： 竹内有纪<br>\n【影片容量】：5.11G<br>\n【是否有码】：有码<br>\n【种子期限】：5种或健康度1000<br>\n【下载工具】：比特彗星 比特精灵 uTorrent QBittorrent 迅雷极速版【请不要用迅雷官方版下载，官方版本已经被屏蔽】<br>\n【影片预览】：看不到图请挂代理或点右键显示图片<br>\n<div>\n<img src=\"https://www.98tuch.net/tupian/forum/202207/06/151734g82m9xiqac222kzj.jpg\" referrerpolicy=\"no-referrer\">\n<div class=\"tip tip_4 aimg_tip\" id=\"aimg_2112116_menu\" style=\"position: absolute; display: none\" disautofocus=\"true\">\n<div class=\"xs0\">\n<p><strong>PRTD-032.jpg</strong> <em class=\"xg1\">(194.47 KB, 下载次数: 0)</em></p>\n<p>\n<a href=\"https://www.98tuch.net/tupian/forum/202207/06/151734g82m9xiqac222kzj.jpg\" target=\"_blank\">下载附件</a>\n</p>\n<p class=\"xg1 y\"><span title=\"2022-07-06 15:17\">2&nbsp;分钟前</span> 上传</p>\n</div>\n<div class=\"tip_horn\"></div>\n</div>\n</div>\n<br>\n<div>\n<img src=\"https://www.98tuch.net/tupian/forum/202207/06/151734knnofewm426w9flm.jpg\" referrerpolicy=\"no-referrer\">\n<div class=\"tip tip_4 aimg_tip\" id=\"aimg_2112117_menu\" style=\"position: absolute; display: none\" disautofocus=\"true\">\n<div class=\"xs0\">\n<p><strong>prtd-032-C.jpg</strong> <em class=\"xg1\">(297.82 KB, 下载次数: 0)</em></p>\n<p>\n<a href=\"https://www.98tuch.net/tupian/forum/202207/06/151734knnofewm426w9flm.jpg\" target=\"_blank\">下载附件</a>\n</p>\n<p class=\"xg1 y\"><span title=\"2022-07-06 15:17\">2&nbsp;分钟前</span> 上传</p>\n</div>\n<div class=\"tip_horn\"></div>\n</div>\n</div>\n<br>\n磁力链接：<br> <div class=\"blockcode\"><div id=\"code_X88\"><ol><li>magnet:?xt=urn:btih:2140E53085023A55C0652E7FBF64E73835679748</li></ol></div><em onclick=\"if (!window.__cfRLUnblockHandlers) return false; copycode($('code_X88'));\" data-cf-modified-d8b16c4ec343a0d7e279881f-=\"\">复制代码</em></div><br>\n<br>\n",
        "id": "https://www.sehuatang.net/thread-902309-1-1.html",
        "link": "https://www.sehuatang.net/thread-902309-1-1.html",
        "title": "[有码高清] PRTD-032 为了孩子们被连续侵犯的姐姐 竹内有纪",
        "torrentURL": "magnet:?xt=urn:btih:2140E53085023A55C0652E7FBF64E73835679748"
    },
    {
        "date": "05 Jul 2022 00:00:00 +0000",
        "description": "【影片名称】：17根肉棒 禁欲中出大乱交<br>\n【出演女优】：峰ゆり香 <br>\n【影片容量】：6.29G<br>\n【是否有码】：无码<br>\n【种子期限】：5种或健康度1000<br>\n【下载工具】：比特彗星 比特精灵 uTorrent QBittorrent 迅雷极速版【请不要用迅雷官方版下载，官方版本已经被屏蔽】<br>\n【影片预览】：看不到图请挂代理或点右键显示图片<br>\n<div>\n<img src=\"https://www.98tuch.net/tupian/forum/202207/05/155032xwu4iciix490mvq3.jpg\" referrerpolicy=\"no-referrer\">\n<div class=\"tip tip_4 aimg_tip\" id=\"aimg_2109467_menu\" style=\"position: absolute; display: none\" disautofocus=\"true\">\n<div class=\"xs0\">\n<p><strong>HND-268.jpg</strong> <em class=\"xg1\">(178.1 KB, 下载次数: 0)</em></p>\n<p>\n<a href=\"https://www.98tuch.net/tupian/forum/202207/05/155032xwu4iciix490mvq3.jpg\" target=\"_blank\">下载附件</a>\n</p>\n<p class=\"xg1 y\"><span title=\"2022-07-05 15:50\">4&nbsp;小时前</span> 上传</p>\n</div>\n<div class=\"tip_horn\"></div>\n</div>\n</div>\n<br>\n<div>\n<img src=\"https://www.98tuch.net/tupian/forum/202207/05/155032dyypgaayszmfg6wy.jpg\" referrerpolicy=\"no-referrer\">\n<div class=\"tip tip_4 aimg_tip\" id=\"aimg_2109468_menu\" style=\"position: absolute; display: none\" disautofocus=\"true\">\n<div class=\"xs0\">\n<p><strong>hnd-268-C.jpg</strong> <em class=\"xg1\">(288.64 KB, 下载次数: 0)</em></p>\n<p>\n<a href=\"https://www.98tuch.net/tupian/forum/202207/05/155032dyypgaayszmfg6wy.jpg\" target=\"_blank\">下载附件</a>\n</p>\n<p class=\"xg1 y\"><span title=\"2022-07-05 15:50\">4&nbsp;小时前</span> 上传</p>\n</div>\n<div class=\"tip_horn\"></div>\n</div>\n</div>\n<br>\n磁力链接：<br> <div class=\"blockcode\"><div id=\"code_hEW\"><ol><li>magnet:?xt=urn:btih:DD2E02F8B6DAE12EFF4F816C030C250ACC037DAD</li></ol></div><em onclick=\"if (!window.__cfRLUnblockHandlers) return false; copycode($('code_hEW'));\" data-cf-modified-6658145c3f0f17d48b2d5f96-=\"\">复制代码</em></div><br>\n<br>\n",
        "id": "https://www.sehuatang.net/thread-901397-1-1.html",
        "link": "https://www.sehuatang.net/thread-901397-1-1.html",
        "title": "[有码高清] HND-268 17根肉棒 禁欲中出大乱交",
        "torrentURL": "magnet:?xt=urn:btih:DD2E02F8B6DAE12EFF4F816C030C250ACC037DAD"
    },
    {
        "date": "06 Jul 2022 00:00:00 +0000",
        "description": "【影片名称】：禁断的近亲中出契约<br>\n【出演女优】： 叶爱<br>\n【影片容量】：7.04G<br>\n【是否有码】：有码<br>\n【种子期限】：5种或健康度1000<br>\n【下载工具】：比特彗星 比特精灵 uTorrent QBittorrent 迅雷极速版【请不要用迅雷官方版下载，官方版本已经被屏蔽】<br>\n【影片预览】：看不到图请挂代理或点右键显示图片<br>\n<div>\n<img src=\"https://www.98tuch.net/tupian/forum/202207/06/152017dh7kwrwgt4nswrm1.jpg\" referrerpolicy=\"no-referrer\">\n<div class=\"tip tip_4 aimg_tip\" id=\"aimg_2112129_menu\" style=\"position: absolute; display: none\" disautofocus=\"true\">\n<div class=\"xs0\">\n<p><strong>URE-081.jpg</strong> <em class=\"xg1\">(170.26 KB, 下载次数: 0)</em></p>\n<p>\n<a href=\"https://www.98tuch.net/tupian/forum/202207/06/152017dh7kwrwgt4nswrm1.jpg\" target=\"_blank\">下载附件</a>\n</p>\n<p class=\"xg1 y\"><span title=\"2022-07-06 15:20\">5&nbsp;分钟前</span> 上传</p>\n</div>\n<div class=\"tip_horn\"></div>\n</div>\n</div>\n<br>\n<div>\n<img src=\"https://www.98tuch.net/tupian/forum/202207/06/152017xnb3wjqjqv0o2uaq.jpg\" referrerpolicy=\"no-referrer\">\n<div class=\"tip tip_4 aimg_tip\" id=\"aimg_2112128_menu\" style=\"position: absolute; display: none\" disautofocus=\"true\">\n<div class=\"xs0\">\n<p><strong>ure-081 (2).jpg</strong> <em class=\"xg1\">(233.72 KB, 下载次数: 0)</em></p>\n<p>\n<a href=\"https://www.98tuch.net/tupian/forum/202207/06/152017xnb3wjqjqv0o2uaq.jpg\" target=\"_blank\">下载附件</a>\n</p>\n<p class=\"xg1 y\"><span title=\"2022-07-06 15:20\">5&nbsp;分钟前</span> 上传</p>\n</div>\n<div class=\"tip_horn\"></div>\n</div>\n</div>\n<br>\n磁力链接：<br> <div class=\"blockcode\"><div id=\"code_quu\"><ol><li>magnet:?xt=urn:btih:1D732A1F3011A7A3E4CA4B460280FDE17811A2BC</li></ol></div><em onclick=\"if (!window.__cfRLUnblockHandlers) return false; copycode($('code_quu'));\" data-cf-modified-964dff913940f2ad287f2220-=\"\">复制代码</em></div><br>\n<br>\n",
        "id": "https://www.sehuatang.net/thread-902315-1-1.html",
        "link": "https://www.sehuatang.net/thread-902315-1-1.html",
        "title": "[有码高清] URE-081 禁断的近亲中出契约 叶爱",
        "torrentURL": "magnet:?xt=urn:btih:1D732A1F3011A7A3E4CA4B460280FDE17811A2BC"
    },
    {
        "date": "06 Jul 2022 00:00:00 +0000",
        "description": "【影片名称】：中出近亲相奸 义父大人 请不要这样 被义父中出的媳妇<br>\n【出演女优】：本田莉子 仲里紗羽 堀内秋美 <br>\n【影片容量】：5.14G<br>\n【是否有码】：有码<br>\n【种子期限】：5种或健康度1000<br>\n【下载工具】：比特彗星 比特精灵 uTorrent QBittorrent 迅雷极速版【请不要用迅雷官方版下载，官方版本已经被屏蔽】<br>\n【影片预览】：看不到图请挂代理或点右键显示图片<br>\n<div>\n<img src=\"https://www.98tuch.net/tupian/forum/202207/06/151521f8z7111zqnnt11z6.jpg\" referrerpolicy=\"no-referrer\">\n<div class=\"tip tip_4 aimg_tip\" id=\"aimg_2112103_menu\" style=\"position: absolute; display: none\" disautofocus=\"true\">\n<div class=\"xs0\">\n<p><strong>MCSR-151.jpg</strong> <em class=\"xg1\">(195.01 KB, 下载次数: 0)</em></p>\n<p>\n<a href=\"https://www.98tuch.net/tupian/forum/202207/06/151521f8z7111zqnnt11z6.jpg\" target=\"_blank\">下载附件</a>\n</p>\n<p class=\"xg1 y\"><span title=\"2022-07-06 15:15\">4&nbsp;分钟前</span> 上传</p>\n</div>\n<div class=\"tip_horn\"></div>\n</div>\n</div>\n<br>\n<div>\n<img src=\"https://www.98tuch.net/tupian/forum/202207/06/151521f9fdir5dz9y19y6y.jpg\" referrerpolicy=\"no-referrer\">\n<div class=\"tip tip_4 aimg_tip\" id=\"aimg_2112104_menu\" style=\"position: absolute; display: none\" disautofocus=\"true\">\n<div class=\"xs0\">\n<p><strong>mcsr-151-C.jpg</strong> <em class=\"xg1\">(259.17 KB, 下载次数: 0)</em></p>\n<p>\n<a href=\"https://www.98tuch.net/tupian/forum/202207/06/151521f9fdir5dz9y19y6y.jpg\" target=\"_blank\">下载附件</a>\n</p>\n<p class=\"xg1 y\"><span title=\"2022-07-06 15:15\">4&nbsp;分钟前</span> 上传</p>\n</div>\n<div class=\"tip_horn\"></div>\n</div>\n</div>\n<br>\n磁力链接：<br> <div class=\"blockcode\"><div id=\"code_tp1\"><ol><li>magnet:?xt=urn:btih:136D5639A3DBB9DE91465C31C67ECAF2B33F0E4C</li></ol></div><em onclick=\"if (!window.__cfRLUnblockHandlers) return false; copycode($('code_tp1'));\" data-cf-modified-84c6c0069e9a1a36c03a36e0-=\"\">复制代码</em></div><br>\n<br>\n",
        "id": "https://www.sehuatang.net/thread-902304-1-1.html",
        "link": "https://www.sehuatang.net/thread-902304-1-1.html",
        "title": "[有码高清] MCSR-151 中出近亲相奸 义父大人 请不要这样 被义父中出的媳妇",
        "torrentURL": "magnet:?xt=urn:btih:136D5639A3DBB9DE91465C31C67ECAF2B33F0E4C"
    },
    {
        "date": "06 Jul 2022 00:00:00 +0000",
        "description": "【影片名称】：未亡人 28岁 藤江由惠<br>\n【出演女优】：白咲玛丽亚<br>\n【影片容量】：3.91G<br>\n【是否有码】：有码<br>\n【种子期限】：5种或健康度1000<br>\n【下载工具】：比特彗星 比特精灵 uTorrent QBittorrent 迅雷极速版【请不要用迅雷官方版下载，官方版本已经被屏蔽】<br>\n【影片预览】：看不到图请挂代理或点右键显示图片<br>\n<div>\n<img src=\"https://www.98tuch.net/tupian/forum/202207/06/151857jzkigpigckicaafi.jpg\" referrerpolicy=\"no-referrer\">\n<div class=\"tip tip_4 aimg_tip\" id=\"aimg_2112122_menu\" style=\"position: absolute; display: none\" disautofocus=\"true\">\n<div class=\"xs0\">\n<p><strong>SGRS-017.jpg</strong> <em class=\"xg1\">(161.68 KB, 下载次数: 0)</em></p>\n<p>\n<a href=\"https://www.98tuch.net/tupian/forum/202207/06/151857jzkigpigckicaafi.jpg\" target=\"_blank\">下载附件</a>\n</p>\n<p class=\"xg1 y\"><span title=\"2022-07-06 15:18\">40&nbsp;秒前</span> 上传</p>\n</div>\n<div class=\"tip_horn\"></div>\n</div>\n</div>\n<br>\n<div>\n<img src=\"https://www.98tuch.net/tupian/forum/202207/06/151858s3n3meu5uf31cnng.jpg\" referrerpolicy=\"no-referrer\">\n<div class=\"tip tip_4 aimg_tip\" id=\"aimg_2112123_menu\" style=\"position: absolute; display: none\" disautofocus=\"true\">\n<div class=\"xs0\">\n<p><strong>sgrs-017-C.jpg</strong> <em class=\"xg1\">(264.18 KB, 下载次数: 0)</em></p>\n<p>\n<a href=\"https://www.98tuch.net/tupian/forum/202207/06/151858s3n3meu5uf31cnng.jpg\" target=\"_blank\">下载附件</a>\n</p>\n<p class=\"xg1 y\"><span title=\"2022-07-06 15:18\">39&nbsp;秒前</span> 上传</p>\n</div>\n<div class=\"tip_horn\"></div>\n</div>\n</div>\n<br>\n磁力链接：<br> <div class=\"blockcode\"><div id=\"code_zI8\"><ol><li>magnet:?xt=urn:btih:55C1EE6A49A4429F90C8B682965B5BEBDFC762B2</li></ol></div><em onclick=\"if (!window.__cfRLUnblockHandlers) return false; copycode($('code_zI8'));\" data-cf-modified-0ceb0b5808e981476c23cb76-=\"\">复制代码</em></div><br>\n<br>\n",
        "id": "https://www.sehuatang.net/thread-902313-1-1.html",
        "link": "https://www.sehuatang.net/thread-902313-1-1.html",
        "title": "[有码高清] SGRS-017 未亡人 28岁 藤江由惠 白咲玛丽亚",
        "torrentURL": "magnet:?xt=urn:btih:55C1EE6A49A4429F90C8B682965B5BEBDFC762B2"
    },
    {
        "date": "06 Jul 2022 00:00:00 +0000",
        "description": "【影片名称】：一直很喜欢的青梅竹马被老家的地痞前辈NTR了<br>\n【出演女优】： 由花爱菜<br>\n【影片容量】：4.95G<br>\n【是否有码】：有码<br>\n【种子期限】：5种或健康度1000<br>\n【下载工具】：比特彗星 比特精灵 uTorrent QBittorrent 迅雷极速版【请不要用迅雷官方版下载，官方版本已经被屏蔽】<br>\n【影片预览】：看不到图请挂代理或点右键显示图片<br>\n<br>\n",
        "id": "https://www.sehuatang.net/thread-902300-1-1.html",
        "link": "https://www.sehuatang.net/thread-902300-1-1.html",
        "title": "[有码高清] KAWD-725 一直很喜欢的青梅竹马被老家的地痞前辈NTR了 由花爱菜",
        "torrentURL": "https://www.sehuatang.net/thread-902300-1-1.html"
    },
    {
        "date": "06 Jul 2022 00:00:00 +0000",
        "description": "【影片名称】：献身护士的强制手淫治疗<br>\n【出演女优】：谷村早苗<br>\n【影片容量】：4.92G<br>\n【是否有码】：有码<br>\n【种子期限】：5种或健康度1000<br>\n【下载工具】：比特彗星 比特精灵 uTorrent QBittorrent 迅雷极速版【请不要用迅雷官方版下载，官方版本已经被屏蔽】<br>\n【影片预览】：看不到图请挂代理或点右键显示图片<br>\n<div>\n<img src=\"https://www.98tuch.net/tupian/forum/202207/06/151604w44jjzoefxirjs4y.jpg\" referrerpolicy=\"no-referrer\">\n<div class=\"tip tip_4 aimg_tip\" id=\"aimg_2112109_menu\" style=\"position: absolute; display: none\" disautofocus=\"true\">\n<div class=\"xs0\">\n<p><strong>MIDD-721.jpg</strong> <em class=\"xg1\">(149.72 KB, 下载次数: 0)</em></p>\n<p>\n<a href=\"https://www.98tuch.net/tupian/forum/202207/06/151604w44jjzoefxirjs4y.jpg\" target=\"_blank\">下载附件</a>\n</p>\n<p class=\"xg1 y\"><span title=\"2022-07-06 15:16\">3&nbsp;分钟前</span> 上传</p>\n</div>\n<div class=\"tip_horn\"></div>\n</div>\n</div>\n<br>\n<div>\n<img src=\"https://www.98tuch.net/tupian/forum/202207/06/151604umxecmfp2aag002m.jpg\" referrerpolicy=\"no-referrer\">\n<div class=\"tip tip_4 aimg_tip\" id=\"aimg_2112110_menu\" style=\"position: absolute; display: none\" disautofocus=\"true\">\n<div class=\"xs0\">\n<p><strong>midd-721-C.jpg</strong> <em class=\"xg1\">(277.51 KB, 下载次数: 0)</em></p>\n<p>\n<a href=\"https://www.98tuch.net/tupian/forum/202207/06/151604umxecmfp2aag002m.jpg\" target=\"_blank\">下载附件</a>\n</p>\n<p class=\"xg1 y\"><span title=\"2022-07-06 15:16\">3&nbsp;分钟前</span> 上传</p>\n</div>\n<div class=\"tip_horn\"></div>\n</div>\n</div>\n<br>\n磁力链接：<br> <div class=\"blockcode\"><div id=\"code_PKx\"><ol><li>magnet:?xt=urn:btih:CAD40B1A298455BF9DA38B1070F7F9FD73E91CC3</li></ol></div><em onclick=\"if (!window.__cfRLUnblockHandlers) return false; copycode($('code_PKx'));\" data-cf-modified-0afd723977a1fbffa893f33d-=\"\">复制代码</em></div><br>\n<br>\n",
        "id": "https://www.sehuatang.net/thread-902306-1-1.html",
        "link": "https://www.sehuatang.net/thread-902306-1-1.html",
        "title": "[有码高清] MIDD-721 献身护士的强制手淫治疗 谷村早苗",
        "torrentURL": "magnet:?xt=urn:btih:CAD40B1A298455BF9DA38B1070F7F9FD73E91CC3"
    },
    {
        "date": "05 Jul 2022 00:00:00 +0000",
        "description": "【影片名称】：母亲被盯上的后庭<br>\n【出演女优】：新尾雾子<br>\n【影片容量】：5.03G<br>\n【是否有码】：无码<br>\n【种子期限】：5种或健康度1000<br>\n【下载工具】：比特彗星 比特精灵 uTorrent QBittorrent 迅雷极速版【请不要用迅雷官方版下载，官方版本已经被屏蔽】<br>\n【影片预览】：看不到图请挂代理或点右键显示图片<br>\n<div>\n<img src=\"https://www.98tuch.net/tupian/forum/202207/05/155114d9lpamdda7mznkmq.jpg\" referrerpolicy=\"no-referrer\">\n<div class=\"tip tip_4 aimg_tip\" id=\"aimg_2109470_menu\" style=\"position: absolute; display: none\" disautofocus=\"true\">\n<div class=\"xs0\">\n<p><strong>JUC-356.jpg</strong> <em class=\"xg1\">(160.54 KB, 下载次数: 0)</em></p>\n<p>\n<a href=\"https://www.98tuch.net/tupian/forum/202207/05/155114d9lpamdda7mznkmq.jpg\" target=\"_blank\">下载附件</a>\n</p>\n<p class=\"xg1 y\"><span title=\"2022-07-05 15:51\">4&nbsp;小时前</span> 上传</p>\n</div>\n<div class=\"tip_horn\"></div>\n</div>\n</div>\n<br>\n<div>\n<img src=\"https://www.98tuch.net/tupian/forum/202207/05/155114atcsuhcs77c1ug7a.jpg\" referrerpolicy=\"no-referrer\">\n<div class=\"tip tip_4 aimg_tip\" id=\"aimg_2109471_menu\" style=\"position: absolute; display: none\" disautofocus=\"true\">\n<div class=\"xs0\">\n<p><strong>juc-356-C.jpg</strong> <em class=\"xg1\">(267.15 KB, 下载次数: 0)</em></p>\n<p>\n<a href=\"https://www.98tuch.net/tupian/forum/202207/05/155114atcsuhcs77c1ug7a.jpg\" target=\"_blank\">下载附件</a>\n</p>\n<p class=\"xg1 y\"><span title=\"2022-07-05 15:51\">4&nbsp;小时前</span> 上传</p>\n</div>\n<div class=\"tip_horn\"></div>\n</div>\n</div>\n<br>\n磁力链接：<br> <div class=\"blockcode\"><div id=\"code_MZg\"><ol><li>magnet:?xt=urn:btih:B34826CEEC6EEBE48E774F539D9EE65302FD3382</li></ol></div><em onclick=\"if (!window.__cfRLUnblockHandlers) return false; copycode($('code_MZg'));\" data-cf-modified-eadf933e96e3840ce5acfaed-=\"\">复制代码</em></div><br>\n<br>\n",
        "id": "https://www.sehuatang.net/thread-901399-1-1.html",
        "link": "https://www.sehuatang.net/thread-901399-1-1.html",
        "title": "[有码高清] JUC-356 母亲被盯上的后庭 新尾雾子",
        "torrentURL": "magnet:?xt=urn:btih:B34826CEEC6EEBE48E774F539D9EE65302FD3382"
    },
    {
        "date": "06 Jul 2022 00:00:00 +0000",
        "description": "【影片名称】：被中年男包围的未亡人<br>\n【出演女优】： 内田美奈子<br>\n【影片容量】：4.94G<br>\n【是否有码】：有码<br>\n【种子期限】：5种或健康度1000<br>\n【下载工具】：比特彗星 比特精灵 uTorrent QBittorrent 迅雷极速版【请不要用迅雷官方版下载，官方版本已经被屏蔽】<br>\n【影片预览】：看不到图请挂代理或点右键显示图片<br>\n<div>\n<img src=\"https://www.98tuch.net/tupian/forum/202207/06/151258ki6uzuost5eeotai.jpg\" referrerpolicy=\"no-referrer\">\n<div class=\"tip tip_4 aimg_tip\" id=\"aimg_2112084_menu\" style=\"position: absolute; display: none\" disautofocus=\"true\">\n<div class=\"xs0\">\n<p><strong>JUC-359.jpg</strong> <em class=\"xg1\">(162.81 KB, 下载次数: 0)</em></p>\n<p>\n<a href=\"https://www.98tuch.net/tupian/forum/202207/06/151258ki6uzuost5eeotai.jpg\" target=\"_blank\">下载附件</a>\n</p>\n<p class=\"xg1 y\"><span title=\"2022-07-06 15:12\">39&nbsp;秒前</span> 上传</p>\n</div>\n<div class=\"tip_horn\"></div>\n</div>\n</div>\n<br>\n<div>\n<img src=\"https://www.98tuch.net/tupian/forum/202207/06/151258x5zb52eebeaeyi6d.jpg\" referrerpolicy=\"no-referrer\">\n<div class=\"tip tip_4 aimg_tip\" id=\"aimg_2112085_menu\" style=\"position: absolute; display: none\" disautofocus=\"true\">\n<div class=\"xs0\">\n<p><strong>juc-359-C.jpg</strong> <em class=\"xg1\">(324.32 KB, 下载次数: 0)</em></p>\n<p>\n<a href=\"https://www.98tuch.net/tupian/forum/202207/06/151258x5zb52eebeaeyi6d.jpg\" target=\"_blank\">下载附件</a>\n</p>\n<p class=\"xg1 y\"><span title=\"2022-07-06 15:12\">39&nbsp;秒前</span> 上传</p>\n</div>\n<div class=\"tip_horn\"></div>\n</div>\n</div>\n<br>\n磁力链接：<br> <div class=\"blockcode\"><div id=\"code_Hnf\"><ol><li>magnet:?xt=urn:btih:0E73B9B4C83E79B160A0783C01BFE6F783C46442</li></ol></div><em onclick=\"if (!window.__cfRLUnblockHandlers) return false; copycode($('code_Hnf'));\" data-cf-modified-ae4b936d92ecd2d023318661-=\"\">复制代码</em></div><br>\n<br>\n",
        "id": "https://www.sehuatang.net/thread-902299-1-1.html",
        "link": "https://www.sehuatang.net/thread-902299-1-1.html",
        "title": "[有码高清] JUC-359 被中年男包围的未亡人 内田美奈子",
        "torrentURL": "magnet:?xt=urn:btih:0E73B9B4C83E79B160A0783C01BFE6F783C46442"
    },
    {
        "date": "06 Jul 2022 00:00:00 +0000",
        "description": "【影片名称】：【积攒的精液想要全部射出来】爱撒娇的妹妹是哥哥的专用中出SOAP女<br>\n【出演女优】： 佐佐波绫<br>\n【影片容量】：5.24G<br>\n【是否有码】：有码<br>\n【种子期限】：5种或健康度1000<br>\n【下载工具】：比特彗星 比特精灵 uTorrent QBittorrent 迅雷极速版【请不要用迅雷官方版下载，官方版本已经被屏蔽】<br>\n【影片预览】：看不到图请挂代理或点右键显示图片<br>\n<div>\n<img src=\"https://www.98tuch.net/tupian/forum/202207/06/151818lv06hefzrdqen6e6.jpg\" referrerpolicy=\"no-referrer\">\n<div class=\"tip tip_4 aimg_tip\" id=\"aimg_2112119_menu\" style=\"position: absolute; display: none\" disautofocus=\"true\">\n<div class=\"xs0\">\n<p><strong>SDABP-008.jpg</strong> <em class=\"xg1\">(151.84 KB, 下载次数: 0)</em></p>\n<p>\n<a href=\"https://www.98tuch.net/tupian/forum/202207/06/151818lv06hefzrdqen6e6.jpg\" target=\"_blank\">下载附件</a>\n</p>\n<p class=\"xg1 y\"><span title=\"2022-07-06 15:18\">1&nbsp;分钟前</span> 上传</p>\n</div>\n<div class=\"tip_horn\"></div>\n</div>\n</div>\n<br>\n<div>\n<img src=\"https://www.98tuch.net/tupian/forum/202207/06/151819x348in5gno8oogez.jpg\" referrerpolicy=\"no-referrer\">\n<div class=\"tip tip_4 aimg_tip\" id=\"aimg_2112120_menu\" style=\"position: absolute; display: none\" disautofocus=\"true\">\n<div class=\"xs0\">\n<p><strong>sdabp-008-C.jpg</strong> <em class=\"xg1\">(313.3 KB, 下载次数: 0)</em></p>\n<p>\n<a href=\"https://www.98tuch.net/tupian/forum/202207/06/151819x348in5gno8oogez.jpg\" target=\"_blank\">下载附件</a>\n</p>\n<p class=\"xg1 y\"><span title=\"2022-07-06 15:18\">1&nbsp;分钟前</span> 上传</p>\n</div>\n<div class=\"tip_horn\"></div>\n</div>\n</div>\n<br>\n磁力链接：<br> <div class=\"blockcode\"><div id=\"code_KrI\"><ol><li>magnet:?xt=urn:btih:44692BAEFB2A444A33B9011057CDB91659716A66</li></ol></div><em onclick=\"if (!window.__cfRLUnblockHandlers) return false; copycode($('code_KrI'));\" data-cf-modified-f79f423bdc0184e5484f9249-=\"\">复制代码</em></div><br>\n<br>\n",
        "id": "https://www.sehuatang.net/thread-902311-1-1.html",
        "link": "https://www.sehuatang.net/thread-902311-1-1.html",
        "title": "[有码高清] SDABP-008 【积攒的精液想要全部射出来】爱撒娇的妹妹是哥哥的专用中出SOAP女 佐佐波绫",
        "torrentURL": "magnet:?xt=urn:btih:44692BAEFB2A444A33B9011057CDB91659716A66"
    },
    {
        "date": "06 Jul 2022 00:00:00 +0000",
        "description": "【影片名称】：催淫人妻洗脑NTR中出 让人火大的隔壁人妻 用催眠术让她成为性奴 <br>\n【出演女优】：君岛美绪<br>\n【影片容量】：7G<br>\n【是否有码】：有码<br>\n【种子期限】：5种或健康度1000<br>\n【下载工具】：比特彗星 比特精灵 uTorrent QBittorrent 迅雷极速版【请不要用迅雷官方版下载，官方版本已经被屏蔽】<br>\n【影片预览】：看不到图请挂代理或点右键显示图片<br>\n<div>\n<img src=\"https://www.98tuch.net/tupian/forum/202207/06/152059qyk33m8jc5pmmhv6.jpg\" referrerpolicy=\"no-referrer\">\n<div class=\"tip tip_4 aimg_tip\" id=\"aimg_2112131_menu\" style=\"position: absolute; display: none\" disautofocus=\"true\">\n<div class=\"xs0\">\n<p><strong>VAGU-247.jpg</strong> <em class=\"xg1\">(172.46 KB, 下载次数: 0)</em></p>\n<p>\n<a href=\"https://www.98tuch.net/tupian/forum/202207/06/152059qyk33m8jc5pmmhv6.jpg\" target=\"_blank\">下载附件</a>\n</p>\n<p class=\"xg1 y\"><span title=\"2022-07-06 15:20\">4&nbsp;分钟前</span> 上传</p>\n</div>\n<div class=\"tip_horn\"></div>\n</div>\n</div>\n<br>\n<div>\n<img src=\"https://www.98tuch.net/tupian/forum/202207/06/152059c9fef418bn9f3339.jpg\" referrerpolicy=\"no-referrer\">\n<div class=\"tip tip_4 aimg_tip\" id=\"aimg_2112132_menu\" style=\"position: absolute; display: none\" disautofocus=\"true\">\n<div class=\"xs0\">\n<p><strong>vagu-247-4k.jpg</strong> <em class=\"xg1\">(285.11 KB, 下载次数: 0)</em></p>\n<p>\n<a href=\"https://www.98tuch.net/tupian/forum/202207/06/152059c9fef418bn9f3339.jpg\" target=\"_blank\">下载附件</a>\n</p>\n<p class=\"xg1 y\"><span title=\"2022-07-06 15:20\">4&nbsp;分钟前</span> 上传</p>\n</div>\n<div class=\"tip_horn\"></div>\n</div>\n</div>\n<br>\n磁力链接：<br> <div class=\"blockcode\"><div id=\"code_nlO\"><ol><li>magnet:?xt=urn:btih:83A3BF22EB0E4332241E7E840050961F5EFC4983</li></ol></div><em onclick=\"if (!window.__cfRLUnblockHandlers) return false; copycode($('code_nlO'));\" data-cf-modified-8460edc5fccbb3c1b311480c-=\"\">复制代码</em></div><br>\n<br>\n",
        "id": "https://www.sehuatang.net/thread-902317-1-1.html",
        "link": "https://www.sehuatang.net/thread-902317-1-1.html",
        "title": "[有码高清] VAGU-247-4K 催淫人妻洗脑NTR中出 让人火大的隔壁人妻 用催眠术让她成为性奴 君岛美绪",
        "torrentURL": "magnet:?xt=urn:btih:83A3BF22EB0E4332241E7E840050961F5EFC4983"
    }
]
