[
    {
        "date": "16 Jul 2022 00:00:00 +0000",
        "description": "【影片名称】：特地独自进入混浴温泉的女性 其实是在期待勃起的肉棒不是吗？<br>\n【出演女优】：无名<br>\n【影片容量】：5.01G<br>\n【是否有码】：有码<br>\n【种子期限】：5种或健康度1000<br>\n【下载工具】：比特彗星 比特精灵 uTorrent QBittorrent 迅雷极速版【请不要用迅雷官方版下载，官方版本已经被屏蔽】<br>\n【影片预览】：看不到图请挂代理或点右键显示图片<br>\n<div>\n<img src=\"https://www.98tuch.net/tupian/forum/202207/16/152300ld4j33rilzynbzy3.jpg\" referrerpolicy=\"no-referrer\">\n<div class=\"tip tip_4 aimg_tip\" id=\"aimg_2143967_menu\" style=\"position: absolute; display: none\" disautofocus=\"true\">\n<div class=\"xs0\">\n<p><strong>havd708pl.jpg</strong> <em class=\"xg1\">(152.1 KB, 下载次数: 0)</em></p>\n<p>\n<a href=\"https://www.98tuch.net/tupian/forum/202207/16/152300ld4j33rilzynbzy3.jpg\" target=\"_blank\">下载附件</a>\n</p>\n<p class=\"xg1 y\"><span title=\"2022-07-16 15:23\">5&nbsp;分钟前</span> 上传</p>\n</div>\n<div class=\"tip_horn\"></div>\n</div>\n</div>\n<br>\n<div>\n<img src=\"https://www.98tuch.net/tupian/forum/202207/16/152300quk4fqwynllb160n.jpg\" referrerpolicy=\"no-referrer\">\n<div class=\"tip tip_4 aimg_tip\" id=\"aimg_2143966_menu\" style=\"position: absolute; display: none\" disautofocus=\"true\">\n<div class=\"xs0\">\n<p><strong>havd-708-C.jpg</strong> <em class=\"xg1\">(294.26 KB, 下载次数: 0)</em></p>\n<p>\n<a href=\"https://www.98tuch.net/tupian/forum/202207/16/152300quk4fqwynllb160n.jpg\" target=\"_blank\">下载附件</a>\n</p>\n<p class=\"xg1 y\"><span title=\"2022-07-16 15:23\">5&nbsp;分钟前</span> 上传</p>\n</div>\n<div class=\"tip_horn\"></div>\n</div>\n</div>\n<br>\n磁力链接：<br> <div class=\"blockcode\"><div id=\"code_gZr\"><ol><li>magnet:?xt=urn:btih:F7F347B06FD431D9630257E9E2497DF1A49E9FD7</li></ol></div><em onclick=\"if (!window.__cfRLUnblockHandlers) return false; copycode($('code_gZr'));\" data-cf-modified-b4852163930a4098a367443d-=\"\">复制代码</em></div><br>\n<br>\n",
        "id": "https://www.sehuatang.net/thread-912459-1-1.html",
        "link": "https://www.sehuatang.net/thread-912459-1-1.html",
        "title": "[有码高清] HAVD-708 特地独自进入混浴温泉的女性 其实是在期待勃起的肉棒不是吗？",
        "torrentURL": "magnet:?xt=urn:btih:F7F347B06FD431D9630257E9E2497DF1A49E9FD7"
    },
    {
        "date": "16 Jul 2022 00:00:00 +0000",
        "description": "【影片名称】： 被我弄出的精液 我要全部喝掉<br>\n【出演女优】：筱田优<br>\n【影片容量】：4.92G<br>\n【是否有码】：有码<br>\n【种子期限】：5种或健康度1000<br>\n【下载工具】：比特彗星 比特精灵 uTorrent QBittorrent 迅雷极速版【请不要用迅雷官方版下载，官方版本已经被屏蔽】<br>\n【影片预览】：看不到图请挂代理或点右键显示图片<br>\n<div>\n<img src=\"https://www.98tuch.net/tupian/forum/202207/16/152346bu7cuv62y76akusy.jpg\" referrerpolicy=\"no-referrer\">\n<div class=\"tip tip_4 aimg_tip\" id=\"aimg_2143969_menu\" style=\"position: absolute; display: none\" disautofocus=\"true\">\n<div class=\"xs0\">\n<p><strong>HODV-20694.jpg</strong> <em class=\"xg1\">(146.16 KB, 下载次数: 0)</em></p>\n<p>\n<a href=\"https://www.98tuch.net/tupian/forum/202207/16/152346bu7cuv62y76akusy.jpg\" target=\"_blank\">下载附件</a>\n</p>\n<p class=\"xg1 y\"><span title=\"2022-07-16 15:23\">4&nbsp;分钟前</span> 上传</p>\n</div>\n<div class=\"tip_horn\"></div>\n</div>\n</div>\n<br>\n<div>\n<img src=\"https://www.98tuch.net/tupian/forum/202207/16/152346prxr5cetier3gxtb.jpg\" referrerpolicy=\"no-referrer\">\n<div class=\"tip tip_4 aimg_tip\" id=\"aimg_2143970_menu\" style=\"position: absolute; display: none\" disautofocus=\"true\">\n<div class=\"xs0\">\n<p><strong>hodv-20694-C.jpg</strong> <em class=\"xg1\">(314.02 KB, 下载次数: 0)</em></p>\n<p>\n<a href=\"https://www.98tuch.net/tupian/forum/202207/16/152346prxr5cetier3gxtb.jpg\" target=\"_blank\">下载附件</a>\n</p>\n<p class=\"xg1 y\"><span title=\"2022-07-16 15:23\">4&nbsp;分钟前</span> 上传</p>\n</div>\n<div class=\"tip_horn\"></div>\n</div>\n</div>\n<br>\n磁力链接：<br> <div class=\"blockcode\"><div id=\"code_DYz\"><ol><li>magnet:?xt=urn:btih:823B1BDECFC87832D372DF60281865747BA35B80</li></ol></div><em onclick=\"if (!window.__cfRLUnblockHandlers) return false; copycode($('code_DYz'));\" data-cf-modified-cc43ba4183365693fd41e5e4-=\"\">复制代码</em></div><br>\n<br>\n",
        "id": "https://www.sehuatang.net/thread-912461-1-1.html",
        "link": "https://www.sehuatang.net/thread-912461-1-1.html",
        "title": "[有码高清] HODV-20694 被我弄出的精液 我要全部喝掉 筱田优",
        "torrentURL": "magnet:?xt=urn:btih:823B1BDECFC87832D372DF60281865747BA35B80"
    },
    {
        "date": "15 Jul 2022 00:00:00 +0000",
        "description": "【影片名称】：戴着眼镜的妈妈 <br>\n【出演女优】：松井优子<br>\n【影片容量】：5.58G<br>\n【是否有码】：有码<br>\n【种子期限】：5种或健康度1000<br>\n【下载工具】：比特彗星 比特精灵 uTorrent QBittorrent 迅雷极速版【请不要用迅雷官方版下载，官方版本已经被屏蔽】<br>\n【影片预览】：看不到图请挂代理或点右键显示图片<br>\n<div>\n<img src=\"https://www.98tuch.net/tupian/forum/202207/15/160930rbzb99ihb3rlqn6q.jpg\" referrerpolicy=\"no-referrer\">\n<div class=\"tip tip_4 aimg_tip\" id=\"aimg_2141495_menu\" style=\"position: absolute; display: none\" disautofocus=\"true\">\n<div class=\"xs0\">\n<p><strong>CEAD-100.jpg</strong> <em class=\"xg1\">(188.95 KB, 下载次数: 0)</em></p>\n<p>\n<a href=\"https://www.98tuch.net/tupian/forum/202207/15/160930rbzb99ihb3rlqn6q.jpg\" target=\"_blank\">下载附件</a>\n</p>\n<p class=\"xg1 y\"><span title=\"2022-07-15 16:09\">4&nbsp;分钟前</span> 上传</p>\n</div>\n<div class=\"tip_horn\"></div>\n</div>\n</div>\n<br>\n<div>\n<img src=\"https://www.98tuch.net/tupian/forum/202207/15/160930ic0r49rod424eed4.jpg\" referrerpolicy=\"no-referrer\">\n<div class=\"tip tip_4 aimg_tip\" id=\"aimg_2141496_menu\" style=\"position: absolute; display: none\" disautofocus=\"true\">\n<div class=\"xs0\">\n<p><strong>cead-100-C.jpg</strong> <em class=\"xg1\">(315.58 KB, 下载次数: 0)</em></p>\n<p>\n<a href=\"https://www.98tuch.net/tupian/forum/202207/15/160930ic0r49rod424eed4.jpg\" target=\"_blank\">下载附件</a>\n</p>\n<p class=\"xg1 y\"><span title=\"2022-07-15 16:09\">4&nbsp;分钟前</span> 上传</p>\n</div>\n<div class=\"tip_horn\"></div>\n</div>\n</div>\n<br>\n磁力链接：<br> <div class=\"blockcode\"><div id=\"code_Hm3\"><ol><li>magnet:?xt=urn:btih:B255B041E0D8167C05EB60D984DFB86BEF7030C1</li></ol></div><em onclick=\"if (!window.__cfRLUnblockHandlers) return false; copycode($('code_Hm3'));\" data-cf-modified-5eb2b9d906f902b27983a954-=\"\">复制代码</em></div><br>\n<br>\n",
        "id": "https://www.sehuatang.net/thread-911416-1-1.html",
        "link": "https://www.sehuatang.net/thread-911416-1-1.html",
        "title": "[有码高清] CEAD-100 戴着眼镜的妈妈 松井优子",
        "torrentURL": "magnet:?xt=urn:btih:B255B041E0D8167C05EB60D984DFB86BEF7030C1"
    },
    {
        "date": "15 Jul 2022 00:00:00 +0000",
        "description": "【影片名称】：猥亵痴汉电车妻 <br>\n【出演女优】：西条琉璃<br>\n【影片容量】：3.79G<br>\n【是否有码】：有码<br>\n【种子期限】：5种或健康度1000<br>\n【下载工具】：比特彗星 比特精灵 uTorrent QBittorrent 迅雷极速版【请不要用迅雷官方版下载，官方版本已经被屏蔽】<br>\n【影片预览】：看不到图请挂代理或点右键显示图片<br>\n<div>\n<img src=\"https://www.98tuch.net/tupian/forum/202207/15/161305qydn0d78nmgnnp0g.jpg\" referrerpolicy=\"no-referrer\">\n<div class=\"tip tip_4 aimg_tip\" id=\"aimg_2141529_menu\" style=\"position: absolute; display: none\" disautofocus=\"true\">\n<div class=\"xs0\">\n<p><strong>VEC-094.jpg</strong> <em class=\"xg1\">(193.37 KB, 下载次数: 0)</em></p>\n<p>\n<a href=\"https://www.98tuch.net/tupian/forum/202207/15/161305qydn0d78nmgnnp0g.jpg\" target=\"_blank\">下载附件</a>\n</p>\n<p class=\"xg1 y\"><span title=\"2022-07-15 16:13\">1&nbsp;分钟前</span> 上传</p>\n</div>\n<div class=\"tip_horn\"></div>\n</div>\n</div>\n<br>\n<div>\n<img src=\"https://www.98tuch.net/tupian/forum/202207/15/161305u383x912e4ajxz39.jpg\" referrerpolicy=\"no-referrer\">\n<div class=\"tip tip_4 aimg_tip\" id=\"aimg_2141530_menu\" style=\"position: absolute; display: none\" disautofocus=\"true\">\n<div class=\"xs0\">\n<p><strong>vec-094-C.jpg</strong> <em class=\"xg1\">(338.01 KB, 下载次数: 0)</em></p>\n<p>\n<a href=\"https://www.98tuch.net/tupian/forum/202207/15/161305u383x912e4ajxz39.jpg\" target=\"_blank\">下载附件</a>\n</p>\n<p class=\"xg1 y\"><span title=\"2022-07-15 16:13\">1&nbsp;分钟前</span> 上传</p>\n</div>\n<div class=\"tip_horn\"></div>\n</div>\n</div>\n<br>\n磁力链接：<br> <div class=\"blockcode\"><div id=\"code_ihW\"><ol><li>magnet:?xt=urn:btih:EA9781079E427BB2CD2430031565E07EC657B107</li></ol></div><em onclick=\"if (!window.__cfRLUnblockHandlers) return false; copycode($('code_ihW'));\" data-cf-modified-7da4baed6759c7c971117166-=\"\">复制代码</em></div><br>\n<br>\n",
        "id": "https://www.sehuatang.net/thread-911427-1-1.html",
        "link": "https://www.sehuatang.net/thread-911427-1-1.html",
        "title": "[有码高清] VEC-094 猥亵痴汉电车妻 西条琉璃",
        "torrentURL": "magnet:?xt=urn:btih:EA9781079E427BB2CD2430031565E07EC657B107"
    },
    {
        "date": "16 Jul 2022 00:00:00 +0000",
        "description": "【影片名称】：和家庭教师做吧<br>\n【出演女优】：佐藤遥希<br>\n【影片容量】：5.12G<br>\n【是否有码】：有码<br>\n【种子期限】：5种或健康度1000<br>\n【下载工具】：比特彗星 比特精灵 uTorrent QBittorrent 迅雷极速版【请不要用迅雷官方版下载，官方版本已经被屏蔽】<br>\n【影片预览】：看不到图请挂代理或点右键显示图片<br>\n<div>\n<img src=\"https://www.98tuch.net/tupian/forum/202207/16/151809i5fz3pqqss5fyxz7.jpg\" referrerpolicy=\"no-referrer\">\n<div class=\"tip tip_4 aimg_tip\" id=\"aimg_2143948_menu\" style=\"position: absolute; display: none\" disautofocus=\"true\">\n<div class=\"xs0\">\n<p><strong>EKDV-264.jpg</strong> <em class=\"xg1\">(160.48 KB, 下载次数: 0)</em></p>\n<p>\n<a href=\"https://www.98tuch.net/tupian/forum/202207/16/151809i5fz3pqqss5fyxz7.jpg\" target=\"_blank\">下载附件</a>\n</p>\n<p class=\"xg1 y\"><span title=\"2022-07-16 15:18\">4&nbsp;分钟前</span> 上传</p>\n</div>\n<div class=\"tip_horn\"></div>\n</div>\n</div>\n<br>\n<div>\n<img src=\"https://www.98tuch.net/tupian/forum/202207/16/151809f9g9y18igumm5upw.jpg\" referrerpolicy=\"no-referrer\">\n<div class=\"tip tip_4 aimg_tip\" id=\"aimg_2143949_menu\" style=\"position: absolute; display: none\" disautofocus=\"true\">\n<div class=\"xs0\">\n<p><strong>ekdv-264-C.jpg</strong> <em class=\"xg1\">(333.53 KB, 下载次数: 0)</em></p>\n<p>\n<a href=\"https://www.98tuch.net/tupian/forum/202207/16/151809f9g9y18igumm5upw.jpg\" target=\"_blank\">下载附件</a>\n</p>\n<p class=\"xg1 y\"><span title=\"2022-07-16 15:18\">4&nbsp;分钟前</span> 上传</p>\n</div>\n<div class=\"tip_horn\"></div>\n</div>\n</div>\n<br>\n磁力链接：<br> <div class=\"blockcode\"><div id=\"code_sfn\"><ol><li>magnet:?xt=urn:btih:34869D6035B3035E62A54D0E655BD86B18EB8008</li></ol></div><em onclick=\"if (!window.__cfRLUnblockHandlers) return false; copycode($('code_sfn'));\" data-cf-modified-2a2a85eeb527179c36bdf65a-=\"\">复制代码</em></div><br>\n<br>\n",
        "id": "https://www.sehuatang.net/thread-912453-1-1.html",
        "link": "https://www.sehuatang.net/thread-912453-1-1.html",
        "title": "[有码高清] EKDV-264 和家庭教师做吧 佐藤遥希",
        "torrentURL": "magnet:?xt=urn:btih:34869D6035B3035E62A54D0E655BD86B18EB8008"
    },
    {
        "date": "16 Jul 2022 00:00:00 +0000",
        "description": "【影片名称】：淫乱义母的诱惑<br>\n【出演女优】：城绮桐子<br>\n【影片容量】：5.77G<br>\n【是否有码】：有码<br>\n【种子期限】：5种或健康度1000<br>\n【下载工具】：比特彗星 比特精灵 uTorrent QBittorrent 迅雷极速版【请不要用迅雷官方版下载，官方版本已经被屏蔽】<br>\n【影片预览】：看不到图请挂代理或点右键显示图片<br>\n<div>\n<img src=\"https://www.98tuch.net/tupian/forum/202207/16/151648kp88at5jybslhyya.jpg\" referrerpolicy=\"no-referrer\">\n<div class=\"tip tip_4 aimg_tip\" id=\"aimg_2143942_menu\" style=\"position: absolute; display: none\" disautofocus=\"true\">\n<div class=\"xs0\">\n<p><strong>CEAD-162.jpg</strong> <em class=\"xg1\">(190.24 KB, 下载次数: 0)</em></p>\n<p>\n<a href=\"https://www.98tuch.net/tupian/forum/202207/16/151648kp88at5jybslhyya.jpg\" target=\"_blank\">下载附件</a>\n</p>\n<p class=\"xg1 y\"><span title=\"2022-07-16 15:16\">5&nbsp;分钟前</span> 上传</p>\n</div>\n<div class=\"tip_horn\"></div>\n</div>\n</div>\n<br>\n<div>\n<img src=\"https://www.98tuch.net/tupian/forum/202207/16/151648kfggwwybshhfysg4.jpg\" referrerpolicy=\"no-referrer\">\n<div class=\"tip tip_4 aimg_tip\" id=\"aimg_2143943_menu\" style=\"position: absolute; display: none\" disautofocus=\"true\">\n<div class=\"xs0\">\n<p><strong>cead-162-C.jpg</strong> <em class=\"xg1\">(289.96 KB, 下载次数: 0)</em></p>\n<p>\n<a href=\"https://www.98tuch.net/tupian/forum/202207/16/151648kfggwwybshhfysg4.jpg\" target=\"_blank\">下载附件</a>\n</p>\n<p class=\"xg1 y\"><span title=\"2022-07-16 15:16\">5&nbsp;分钟前</span> 上传</p>\n</div>\n<div class=\"tip_horn\"></div>\n</div>\n</div>\n<br>\n磁力链接：<br> <div class=\"blockcode\"><div id=\"code_AvP\"><ol><li>magnet:?xt=urn:btih:A6EFD6671C26C299538464097F5BEB3C13434FA6</li></ol></div><em onclick=\"if (!window.__cfRLUnblockHandlers) return false; copycode($('code_AvP'));\" data-cf-modified-136a519415439c835f9f0b3c-=\"\">复制代码</em></div><br>\n<br>\n",
        "id": "https://www.sehuatang.net/thread-912447-1-1.html",
        "link": "https://www.sehuatang.net/thread-912447-1-1.html",
        "title": "[有码高清] CEAD-162 淫乱义母的诱惑 城绮桐子",
        "torrentURL": "magnet:?xt=urn:btih:A6EFD6671C26C299538464097F5BEB3C13434FA6"
    },
    {
        "date": "15 Jul 2022 00:00:00 +0000",
        "description": "【影片名称】：成年人的乱交party <br>\n【出演女优】：妃堇<br>\n【影片容量】：5.01G<br>\n【是否有码】：有码<br>\n【种子期限】：5种或健康度1000<br>\n【下载工具】：比特彗星 比特精灵 uTorrent QBittorrent 迅雷极速版【请不要用迅雷官方版下载，官方版本已经被屏蔽】<br>\n【影片预览】：看不到图请挂代理或点右键显示图片<br>\n<div>\n<img src=\"https://www.98tuch.net/tupian/forum/202207/15/161011y86vdon42w6t1aon.jpg\" referrerpolicy=\"no-referrer\">\n<div class=\"tip tip_4 aimg_tip\" id=\"aimg_2141510_menu\" style=\"position: absolute; display: none\" disautofocus=\"true\">\n<div class=\"xs0\">\n<p><strong>dv915pl.jpg</strong> <em class=\"xg1\">(185.74 KB, 下载次数: 0)</em></p>\n<p>\n<a href=\"https://www.98tuch.net/tupian/forum/202207/15/161011y86vdon42w6t1aon.jpg\" target=\"_blank\">下载附件</a>\n</p>\n<p class=\"xg1 y\"><span title=\"2022-07-15 16:10\">4&nbsp;分钟前</span> 上传</p>\n</div>\n<div class=\"tip_horn\"></div>\n</div>\n</div>\n<br>\n<div>\n<img src=\"https://www.98tuch.net/tupian/forum/202207/15/161010es5s5lpzjpvlu5ll.jpg\" referrerpolicy=\"no-referrer\">\n<div class=\"tip tip_4 aimg_tip\" id=\"aimg_2141509_menu\" style=\"position: absolute; display: none\" disautofocus=\"true\">\n<div class=\"xs0\">\n<p><strong>dv-915-C.jpg</strong> <em class=\"xg1\">(281.57 KB, 下载次数: 0)</em></p>\n<p>\n<a href=\"https://www.98tuch.net/tupian/forum/202207/15/161010es5s5lpzjpvlu5ll.jpg\" target=\"_blank\">下载附件</a>\n</p>\n<p class=\"xg1 y\"><span title=\"2022-07-15 16:10\">4&nbsp;分钟前</span> 上传</p>\n</div>\n<div class=\"tip_horn\"></div>\n</div>\n</div>\n<br>\n磁力链接：<br> <div class=\"blockcode\"><div id=\"code_qna\"><ol><li>magnet:?xt=urn:btih:6C00C56D59A2C261026DEF686C4EF8FEF919C1F7</li></ol></div><em onclick=\"if (!window.__cfRLUnblockHandlers) return false; copycode($('code_qna'));\" data-cf-modified-7ac4655f44fda20426b1c893-=\"\">复制代码</em></div><br>\n<br>\n",
        "id": "https://www.sehuatang.net/thread-911418-1-1.html",
        "link": "https://www.sehuatang.net/thread-911418-1-1.html",
        "title": "[有码高清] DV-915 成年人的乱交party 妃堇",
        "torrentURL": "magnet:?xt=urn:btih:6C00C56D59A2C261026DEF686C4EF8FEF919C1F7"
    },
    {
        "date": "16 Jul 2022 00:00:00 +0000",
        "description": "【影片名称】：憧憬辣妹的朴素的JD超敏感的工作人员!<br>\n【出演女优】：花狩麻衣<br>\n【影片容量】：2.56G<br>\n【是否有码】：有码<br>\n【种子期限】：5种或健康度1000<br>\n【下载工具】：比特彗星 比特精灵 uTorrent QBittorrent 迅雷极速版【请不要用迅雷官方版下载，官方版本已经被屏蔽】<br>\n【影片预览】：看不到图请挂代理或点右键显示图片<br>\n<div>\n<img src=\"https://www.98tuch.net/tupian/forum/202207/16/151857lhvrx0nmnntmsdko.jpg\" referrerpolicy=\"no-referrer\">\n<div class=\"tip tip_4 aimg_tip\" id=\"aimg_2143951_menu\" style=\"position: absolute; display: none\" disautofocus=\"true\">\n<div class=\"xs0\">\n<p><strong>ENDX-363.jpg</strong> <em class=\"xg1\">(74.61 KB, 下载次数: 0)</em></p>\n<p>\n<a href=\"https://www.98tuch.net/tupian/forum/202207/16/151857lhvrx0nmnntmsdko.jpg\" target=\"_blank\">下载附件</a>\n</p>\n<p class=\"xg1 y\"><span title=\"2022-07-16 15:18\">3&nbsp;分钟前</span> 上传</p>\n</div>\n<div class=\"tip_horn\"></div>\n</div>\n</div>\n<br>\n<div>\n<img src=\"https://www.98tuch.net/tupian/forum/202207/16/151857iqlgeg1z17zwelq6.jpg\" referrerpolicy=\"no-referrer\">\n<div class=\"tip tip_4 aimg_tip\" id=\"aimg_2143952_menu\" style=\"position: absolute; display: none\" disautofocus=\"true\">\n<div class=\"xs0\">\n<p><strong>endx-363-C.jpg</strong> <em class=\"xg1\">(277.36 KB, 下载次数: 0)</em></p>\n<p>\n<a href=\"https://www.98tuch.net/tupian/forum/202207/16/151857iqlgeg1z17zwelq6.jpg\" target=\"_blank\">下载附件</a>\n</p>\n<p class=\"xg1 y\"><span title=\"2022-07-16 15:18\">3&nbsp;分钟前</span> 上传</p>\n</div>\n<div class=\"tip_horn\"></div>\n</div>\n</div>\n<br>\n磁力链接：<br> <div class=\"blockcode\"><div id=\"code_Sj7\"><ol><li>magnet:?xt=urn:btih:351D306E505E222B36A44786F627ED184B235DB7</li></ol></div><em onclick=\"if (!window.__cfRLUnblockHandlers) return false; copycode($('code_Sj7'));\" data-cf-modified-bec82a78539d76773fa8b3bf-=\"\">复制代码</em></div><br>\n<br>\n",
        "id": "https://www.sehuatang.net/thread-912454-1-1.html",
        "link": "https://www.sehuatang.net/thread-912454-1-1.html",
        "title": "[有码高清] 285ENDX-363 憧憬辣妹的朴素的JD超敏感的工作人员! 花狩麻衣",
        "torrentURL": "magnet:?xt=urn:btih:351D306E505E222B36A44786F627ED184B235DB7"
    },
    {
        "date": "15 Jul 2022 00:00:00 +0000",
        "description": "【影片名称】： 一般男女观察 巨乳女大学生限定 戴套&amp;生插 验证企划<br>\n【出演女优】：広瀬うみ 二宮和香 能美ちなつ <br>\n【影片容量】：6.91G<br>\n【是否有码】：有码<br>\n【种子期限】：5种或健康度1000<br>\n【下载工具】：比特彗星 比特精灵 uTorrent QBittorrent 迅雷极速版【请不要用迅雷官方版下载，官方版本已经被屏蔽】<br>\n【影片预览】：看不到图请挂代理或点右键显示图片<br>\n<div>\n<img src=\"https://www.98tuch.net/tupian/forum/202207/15/161056x7g2k7gv7g2sqsa0.jpg\" referrerpolicy=\"no-referrer\">\n<div class=\"tip tip_4 aimg_tip\" id=\"aimg_2141514_menu\" style=\"position: absolute; display: none\" disautofocus=\"true\">\n<div class=\"xs0\">\n<p><strong>DVDMS-088.jpg</strong> <em class=\"xg1\">(218.45 KB, 下载次数: 0)</em></p>\n<p>\n<a href=\"https://www.98tuch.net/tupian/forum/202207/15/161056x7g2k7gv7g2sqsa0.jpg\" target=\"_blank\">下载附件</a>\n</p>\n<p class=\"xg1 y\"><span title=\"2022-07-15 16:10\">3&nbsp;分钟前</span> 上传</p>\n</div>\n<div class=\"tip_horn\"></div>\n</div>\n</div>\n<br>\n<div>\n<img src=\"https://www.98tuch.net/tupian/forum/202207/15/161056h4o663d6zhuhxvjh.jpg\" referrerpolicy=\"no-referrer\">\n<div class=\"tip tip_4 aimg_tip\" id=\"aimg_2141515_menu\" style=\"position: absolute; display: none\" disautofocus=\"true\">\n<div class=\"xs0\">\n<p><strong>dvdms-088-C.jpg</strong> <em class=\"xg1\">(275.29 KB, 下载次数: 0)</em></p>\n<p>\n<a href=\"https://www.98tuch.net/tupian/forum/202207/15/161056h4o663d6zhuhxvjh.jpg\" target=\"_blank\">下载附件</a>\n</p>\n<p class=\"xg1 y\"><span title=\"2022-07-15 16:10\">3&nbsp;分钟前</span> 上传</p>\n</div>\n<div class=\"tip_horn\"></div>\n</div>\n</div>\n<br>\n磁力链接：<br> <div class=\"blockcode\"><div id=\"code_OGC\"><ol><li>magnet:?xt=urn:btih:BD4CC2BF46CA4C19F5AB5BFC9FC79EF10F3BD357</li></ol></div><em onclick=\"if (!window.__cfRLUnblockHandlers) return false; copycode($('code_OGC'));\" data-cf-modified-579c49593d3c3ced7afa1cd9-=\"\">复制代码</em></div><br>\n<br>\n",
        "id": "https://www.sehuatang.net/thread-911421-1-1.html",
        "link": "https://www.sehuatang.net/thread-911421-1-1.html",
        "title": "[有码高清] DVDMS-088 一般男女观察 巨乳女大学生限定 戴套&生插 验证企划",
        "torrentURL": "magnet:?xt=urn:btih:BD4CC2BF46CA4C19F5AB5BFC9FC79EF10F3BD357"
    },
    {
        "date": "16 Jul 2022 00:00:00 +0000",
        "description": "【影片名称】： 黑人解禁 黑色巨炮 <br>\n【出演女优】：广濑结香<br>\n【影片容量】：5.46G<br>\n【是否有码】：有码<br>\n【种子期限】：5种或健康度1000<br>\n【下载工具】：比特彗星 比特精灵 uTorrent QBittorrent 迅雷极速版【请不要用迅雷官方版下载，官方版本已经被屏蔽】<br>\n【影片预览】：看不到图请挂代理或点右键显示图片<br>\n<div>\n<img src=\"https://www.98tuch.net/tupian/forum/202207/16/151515nj32y0038ddc3csi.jpg\" referrerpolicy=\"no-referrer\">\n<div class=\"tip tip_4 aimg_tip\" id=\"aimg_2143929_menu\" style=\"position: absolute; display: none\" disautofocus=\"true\">\n<div class=\"xs0\">\n<p><strong>BDA-132.jpg</strong> <em class=\"xg1\">(166.03 KB, 下载次数: 0)</em></p>\n<p>\n<a href=\"https://www.98tuch.net/tupian/forum/202207/16/151515nj32y0038ddc3csi.jpg\" target=\"_blank\">下载附件</a>\n</p>\n<p class=\"xg1 y\"><span title=\"2022-07-16 15:15\">1&nbsp;分钟前</span> 上传</p>\n</div>\n<div class=\"tip_horn\"></div>\n</div>\n</div>\n<br>\n<div>\n<img src=\"https://www.98tuch.net/tupian/forum/202207/16/151515l5f1asjalh1k4z1l.jpg\" referrerpolicy=\"no-referrer\">\n<div class=\"tip tip_4 aimg_tip\" id=\"aimg_2143930_menu\" style=\"position: absolute; display: none\" disautofocus=\"true\">\n<div class=\"xs0\">\n<p><strong>bda-132-C.jpg</strong> <em class=\"xg1\">(297.78 KB, 下载次数: 0)</em></p>\n<p>\n<a href=\"https://www.98tuch.net/tupian/forum/202207/16/151515l5f1asjalh1k4z1l.jpg\" target=\"_blank\">下载附件</a>\n</p>\n<p class=\"xg1 y\"><span title=\"2022-07-16 15:15\">1&nbsp;分钟前</span> 上传</p>\n</div>\n<div class=\"tip_horn\"></div>\n</div>\n</div>\n<br>\n磁力链接：<br> <div class=\"blockcode\"><div id=\"code_n6f\"><ol><li>magnet:?xt=urn:btih:471CE2F6205FC8D0D0FF3C98E4F09B00A1A53805</li></ol></div><em onclick=\"if (!window.__cfRLUnblockHandlers) return false; copycode($('code_n6f'));\" data-cf-modified-0474b2daaa1c3012ef98add2-=\"\">复制代码</em></div><br>\n<br>\n",
        "id": "https://www.sehuatang.net/thread-912442-1-1.html",
        "link": "https://www.sehuatang.net/thread-912442-1-1.html",
        "title": "[有码高清] BDA-132 黑人解禁 黑色巨炮 广濑结香",
        "torrentURL": "magnet:?xt=urn:btih:471CE2F6205FC8D0D0FF3C98E4F09B00A1A53805"
    },
    {
        "date": "16 Jul 2022 00:00:00 +0000",
        "description": "【影片名称】：家庭教师和巨乳备考生的全纪录 偷拍摄像头的文件<br>\n【出演女优】：本真百合<br>\n【影片容量】：5.51G<br>\n【是否有码】：有码<br>\n【种子期限】：5种或健康度1000<br>\n【下载工具】：比特彗星 比特精灵 uTorrent QBittorrent 迅雷极速版【请不要用迅雷官方版下载，官方版本已经被屏蔽】<br>\n【影片预览】：看不到图请挂代理或点右键显示图片<br>\n<div>\n<img src=\"https://www.98tuch.net/tupian/forum/202207/16/152203f82rryv7r1wi8fyi.jpg\" referrerpolicy=\"no-referrer\">\n<div class=\"tip tip_4 aimg_tip\" id=\"aimg_2143963_menu\" style=\"position: absolute; display: none\" disautofocus=\"true\">\n<div class=\"xs0\">\n<p><strong>GG-136.jpg</strong> <em class=\"xg1\">(184.27 KB, 下载次数: 0)</em></p>\n<p>\n<a href=\"https://www.98tuch.net/tupian/forum/202207/16/152203f82rryv7r1wi8fyi.jpg\" target=\"_blank\">下载附件</a>\n</p>\n<p class=\"xg1 y\"><span title=\"2022-07-16 15:22\">6&nbsp;分钟前</span> 上传</p>\n</div>\n<div class=\"tip_horn\"></div>\n</div>\n</div>\n<br>\n<div>\n<img src=\"https://www.98tuch.net/tupian/forum/202207/16/152203l191yqqyqd1y9q99.jpg\" referrerpolicy=\"no-referrer\">\n<div class=\"tip tip_4 aimg_tip\" id=\"aimg_2143964_menu\" style=\"position: absolute; display: none\" disautofocus=\"true\">\n<div class=\"xs0\">\n<p><strong>gg-136-C.jpg</strong> <em class=\"xg1\">(368.14 KB, 下载次数: 0)</em></p>\n<p>\n<a href=\"https://www.98tuch.net/tupian/forum/202207/16/152203l191yqqyqd1y9q99.jpg\" target=\"_blank\">下载附件</a>\n</p>\n<p class=\"xg1 y\"><span title=\"2022-07-16 15:22\">6&nbsp;分钟前</span> 上传</p>\n</div>\n<div class=\"tip_horn\"></div>\n</div>\n</div>\n<br>\n磁力链接：<br> <div class=\"blockcode\"><div id=\"code_ls4\"><ol><li>magnet:?xt=urn:btih:8CF755644EFD5BDD0A61CB278D11721F9FF6B7C0</li></ol></div><em onclick=\"if (!window.__cfRLUnblockHandlers) return false; copycode($('code_ls4'));\" data-cf-modified-b2f84add6e1d2a794e50eb96-=\"\">复制代码</em></div><br>\n<br>\n",
        "id": "https://www.sehuatang.net/thread-912458-1-1.html",
        "link": "https://www.sehuatang.net/thread-912458-1-1.html",
        "title": "[有码高清] GG-136 家庭教师和巨乳备考生的全纪录 偷拍摄像头的文件 本真百合",
        "torrentURL": "magnet:?xt=urn:btih:8CF755644EFD5BDD0A61CB278D11721F9FF6B7C0"
    },
    {
        "date": "15 Jul 2022 00:00:00 +0000",
        "description": "【影片名称】：洗脑 潜入搜查官<br>\n【出演女优】：弥生美月<br>\n【影片容量】：6.19G<br>\n【是否有码】：有码<br>\n【种子期限】：5种或健康度1000<br>\n【下载工具】：比特彗星 比特精灵 uTorrent QBittorrent 迅雷极速版【请不要用迅雷官方版下载，官方版本已经被屏蔽】<br>\n【影片预览】：看不到图请挂代理或点右键显示图片<br>\n<div>\n<img src=\"https://www.98tuch.net/tupian/forum/202207/15/160642a4h592vg35gxg0xz.jpg\" referrerpolicy=\"no-referrer\">\n<div class=\"tip tip_4 aimg_tip\" id=\"aimg_2141472_menu\" style=\"position: absolute; display: none\" disautofocus=\"true\">\n<div class=\"xs0\">\n<p><strong>BDA-129.jpg</strong> <em class=\"xg1\">(167.98 KB, 下载次数: 0)</em></p>\n<p>\n<a href=\"https://www.98tuch.net/tupian/forum/202207/15/160642a4h592vg35gxg0xz.jpg\" target=\"_blank\">下载附件</a>\n</p>\n<p class=\"xg1 y\"><span title=\"2022-07-15 16:06\">1&nbsp;分钟前</span> 上传</p>\n</div>\n<div class=\"tip_horn\"></div>\n</div>\n</div>\n<br>\n<div>\n<img src=\"https://www.98tuch.net/tupian/forum/202207/15/160642xupy3dqejj537djj.jpg\" referrerpolicy=\"no-referrer\">\n<div class=\"tip tip_4 aimg_tip\" id=\"aimg_2141473_menu\" style=\"position: absolute; display: none\" disautofocus=\"true\">\n<div class=\"xs0\">\n<p><strong>bda-129-C.jpg</strong> <em class=\"xg1\">(286.03 KB, 下载次数: 0)</em></p>\n<p>\n<a href=\"https://www.98tuch.net/tupian/forum/202207/15/160642xupy3dqejj537djj.jpg\" target=\"_blank\">下载附件</a>\n</p>\n<p class=\"xg1 y\"><span title=\"2022-07-15 16:06\">1&nbsp;分钟前</span> 上传</p>\n</div>\n<div class=\"tip_horn\"></div>\n</div>\n</div>\n<br>\n磁力链接：<br> <div class=\"blockcode\"><div id=\"code_w6f\"><ol><li>magnet:?xt=urn:btih:070025F527382547D1C0F60A54854B84D3A0D0FA</li></ol></div><em onclick=\"if (!window.__cfRLUnblockHandlers) return false; copycode($('code_w6f'));\" data-cf-modified-2e8f1e0d92210472e17cecbb-=\"\">复制代码</em></div><br>\n<br>\n",
        "id": "https://www.sehuatang.net/thread-911411-1-1.html",
        "link": "https://www.sehuatang.net/thread-911411-1-1.html",
        "title": "[有码高清] BDA-129 洗脑 潜入搜查官 弥生美月",
        "torrentURL": "magnet:?xt=urn:btih:070025F527382547D1C0F60A54854B84D3A0D0FA"
    },
    {
        "date": "15 Jul 2022 00:00:00 +0000",
        "description": "【影片名称】：沉溺恋情的人妻<br>\n【出演女优】：羽月希<br>\n【影片容量】：4.86G<br>\n【是否有码】：有码<br>\n【种子期限】：5种或健康度1000<br>\n【下载工具】：比特彗星 比特精灵 uTorrent QBittorrent 迅雷极速版【请不要用迅雷官方版下载，官方版本已经被屏蔽】<br>\n【影片预览】：看不到图请挂代理或点右键显示图片<br>\n<div>\n<img src=\"https://www.98tuch.net/tupian/forum/202207/15/160811gxt82eqfff8zxczw.jpg\" referrerpolicy=\"no-referrer\">\n<div class=\"tip tip_4 aimg_tip\" id=\"aimg_2141485_menu\" style=\"position: absolute; display: none\" disautofocus=\"true\">\n<div class=\"xs0\">\n<p><strong>BF-172.jpg</strong> <em class=\"xg1\">(154.88 KB, 下载次数: 0)</em></p>\n<p>\n<a href=\"https://www.98tuch.net/tupian/forum/202207/15/160811gxt82eqfff8zxczw.jpg\" target=\"_blank\">下载附件</a>\n</p>\n<p class=\"xg1 y\"><span title=\"2022-07-15 16:08\">6&nbsp;分钟前</span> 上传</p>\n</div>\n<div class=\"tip_horn\"></div>\n</div>\n</div>\n<br>\n<div>\n<img src=\"https://www.98tuch.net/tupian/forum/202207/15/160811sh5rp5j2d2bh72wj.jpg\" referrerpolicy=\"no-referrer\">\n<div class=\"tip tip_4 aimg_tip\" id=\"aimg_2141486_menu\" style=\"position: absolute; display: none\" disautofocus=\"true\">\n<div class=\"xs0\">\n<p><strong>bf-172-C.jpg</strong> <em class=\"xg1\">(302.98 KB, 下载次数: 0)</em></p>\n<p>\n<a href=\"https://www.98tuch.net/tupian/forum/202207/15/160811sh5rp5j2d2bh72wj.jpg\" target=\"_blank\">下载附件</a>\n</p>\n<p class=\"xg1 y\"><span title=\"2022-07-15 16:08\">6&nbsp;分钟前</span> 上传</p>\n</div>\n<div class=\"tip_horn\"></div>\n</div>\n</div>\n<br>\n磁力链接：<br> <div class=\"blockcode\"><div id=\"code_Qas\"><ol><li>magnet:?xt=urn:btih:212CC652E75C24398C447A34D7D385860A812092</li></ol></div><em onclick=\"if (!window.__cfRLUnblockHandlers) return false; copycode($('code_Qas'));\" data-cf-modified-365f2a2265392fc42082e11a-=\"\">复制代码</em></div><br>\n<br>\n",
        "id": "https://www.sehuatang.net/thread-911412-1-1.html",
        "link": "https://www.sehuatang.net/thread-911412-1-1.html",
        "title": "[有码高清] BF-172 沉溺恋情的人妻 羽月希",
        "torrentURL": "magnet:?xt=urn:btih:212CC652E75C24398C447A34D7D385860A812092"
    },
    {
        "date": "15 Jul 2022 00:00:00 +0000",
        "description": "【影片名称】： 绫濑怜的极上风俗完全套餐<br>\n【出演女优】：大塚れん 福咲れん 綾瀬れん 松島れん <br>\n【影片容量】：5G<br>\n【是否有码】：有码<br>\n【种子期限】：5种或健康度1000<br>\n【下载工具】：比特彗星 比特精灵 uTorrent QBittorrent 迅雷极速版【请不要用迅雷官方版下载，官方版本已经被屏蔽】<br>\n【影片预览】：看不到图请挂代理或点右键显示图片<br>\n<div>\n<img src=\"https://www.98tuch.net/tupian/forum/202207/15/161147nud7ewlwe4bvfvyo.jpg\" referrerpolicy=\"no-referrer\">\n<div class=\"tip tip_4 aimg_tip\" id=\"aimg_2141520_menu\" style=\"position: absolute; display: none\" disautofocus=\"true\">\n<div class=\"xs0\">\n<p><strong>MIDD-826.jpg</strong> <em class=\"xg1\">(155.34 KB, 下载次数: 0)</em></p>\n<p>\n<a href=\"https://www.98tuch.net/tupian/forum/202207/15/161147nud7ewlwe4bvfvyo.jpg\" target=\"_blank\">下载附件</a>\n</p>\n<p class=\"xg1 y\"><span title=\"2022-07-15 16:11\">2&nbsp;分钟前</span> 上传</p>\n</div>\n<div class=\"tip_horn\"></div>\n</div>\n</div>\n<br>\n<div>\n<img src=\"https://www.98tuch.net/tupian/forum/202207/15/161147hvuff5lbkwrr9stj.jpg\" referrerpolicy=\"no-referrer\">\n<div class=\"tip tip_4 aimg_tip\" id=\"aimg_2141521_menu\" style=\"position: absolute; display: none\" disautofocus=\"true\">\n<div class=\"xs0\">\n<p><strong>midd-826-C.jpg</strong> <em class=\"xg1\">(297.58 KB, 下载次数: 0)</em></p>\n<p>\n<a href=\"https://www.98tuch.net/tupian/forum/202207/15/161147hvuff5lbkwrr9stj.jpg\" target=\"_blank\">下载附件</a>\n</p>\n<p class=\"xg1 y\"><span title=\"2022-07-15 16:11\">2&nbsp;分钟前</span> 上传</p>\n</div>\n<div class=\"tip_horn\"></div>\n</div>\n</div>\n<br>\n磁力链接：<br> <div class=\"blockcode\"><div id=\"code_RZb\"><ol><li>magnet:?xt=urn:btih:86E8C3416E5D6DEFF27697949664FEC35DE747A1</li></ol></div><em onclick=\"if (!window.__cfRLUnblockHandlers) return false; copycode($('code_RZb'));\" data-cf-modified-b1d4f25dfb11b804fe325a04-=\"\">复制代码</em></div><br>\n<br>\n",
        "id": "https://www.sehuatang.net/thread-911423-1-1.html",
        "link": "https://www.sehuatang.net/thread-911423-1-1.html",
        "title": "[有码高清] MIDD-826 绫濑怜的极上风俗完全套餐",
        "torrentURL": "magnet:?xt=urn:btih:86E8C3416E5D6DEFF27697949664FEC35DE747A1"
    },
    {
        "date": "16 Jul 2022 00:00:00 +0000",
        "description": "【影片名称】：搭讪师的隐秘偷拍 然后擅自AV发售<br>\n【出演女优】：川越ゆい 鳴海すず 朝倉すず 川崎ゆい <br>\n【影片容量】：5.4G<br>\n【是否有码】：有码<br>\n【种子期限】：5种或健康度1000<br>\n【下载工具】：比特彗星 比特精灵 uTorrent QBittorrent 迅雷极速版【请不要用迅雷官方版下载，官方版本已经被屏蔽】<br>\n【影片预览】：看不到图请挂代理或点右键显示图片<br>\n<div>\n<img src=\"https://www.98tuch.net/tupian/forum/202207/16/151437po1t95oppdb59n10.jpg\" referrerpolicy=\"no-referrer\">\n<div class=\"tip tip_4 aimg_tip\" id=\"aimg_2143926_menu\" style=\"position: absolute; display: none\" disautofocus=\"true\">\n<div class=\"xs0\">\n<p><strong>AVOP-235.jpg</strong> <em class=\"xg1\">(190.02 KB, 下载次数: 0)</em></p>\n<p>\n<a href=\"https://www.98tuch.net/tupian/forum/202207/16/151437po1t95oppdb59n10.jpg\" target=\"_blank\">下载附件</a>\n</p>\n<p class=\"xg1 y\"><span title=\"2022-07-16 15:14\">1&nbsp;分钟前</span> 上传</p>\n</div>\n<div class=\"tip_horn\"></div>\n</div>\n</div>\n<br>\n<div>\n<img src=\"https://www.98tuch.net/tupian/forum/202207/16/151437ka44n0gyzadizht5.jpg\" referrerpolicy=\"no-referrer\">\n<div class=\"tip tip_4 aimg_tip\" id=\"aimg_2143927_menu\" style=\"position: absolute; display: none\" disautofocus=\"true\">\n<div class=\"xs0\">\n<p><strong>avop-235-C.jpg</strong> <em class=\"xg1\">(454 KB, 下载次数: 0)</em></p>\n<p>\n<a href=\"https://www.98tuch.net/tupian/forum/202207/16/151437ka44n0gyzadizht5.jpg\" target=\"_blank\">下载附件</a>\n</p>\n<p class=\"xg1 y\"><span title=\"2022-07-16 15:14\">1&nbsp;分钟前</span> 上传</p>\n</div>\n<div class=\"tip_horn\"></div>\n</div>\n</div>\n<br>\n磁力链接：<br> <div class=\"blockcode\"><div id=\"code_f99\"><ol><li>magnet:?xt=urn:btih:FF2AAC9A73BC2B7E18014F5945A238F1970A32B5</li></ol></div><em onclick=\"if (!window.__cfRLUnblockHandlers) return false; copycode($('code_f99'));\" data-cf-modified-86443f9d2f21698a2b1b93ac-=\"\">复制代码</em></div><br>\n<br>\n",
        "id": "https://www.sehuatang.net/thread-912440-1-1.html",
        "link": "https://www.sehuatang.net/thread-912440-1-1.html",
        "title": "[有码高清] AVOP-235 搭讪师的隐秘偷拍 然后擅自AV发售",
        "torrentURL": "magnet:?xt=urn:btih:FF2AAC9A73BC2B7E18014F5945A238F1970A32B5"
    },
    {
        "date": "16 Jul 2022 00:00:00 +0000",
        "description": "【影片名称】：耻辱的OL温泉伴侣 <br>\n【出演女优】：永井<br>\n【影片容量】：6.09G<br>\n【是否有码】：有码<br>\n【种子期限】：5种或健康度1000<br>\n【下载工具】：比特彗星 比特精灵 uTorrent QBittorrent 迅雷极速版【请不要用迅雷官方版下载，官方版本已经被屏蔽】<br>\n【影片预览】：看不到图请挂代理或点右键显示图片<br>\n<div>\n<img src=\"https://www.98tuch.net/tupian/forum/202207/16/151357j1lu5qu5hqqqfyqh.jpg\" referrerpolicy=\"no-referrer\">\n<div class=\"tip tip_4 aimg_tip\" id=\"aimg_2143916_menu\" style=\"position: absolute; display: none\" disautofocus=\"true\">\n<div class=\"xs0\">\n<p><strong>APNS-058.jpg</strong> <em class=\"xg1\">(171.13 KB, 下载次数: 0)</em></p>\n<p>\n<a href=\"https://www.98tuch.net/tupian/forum/202207/16/151357j1lu5qu5hqqqfyqh.jpg\" target=\"_blank\">下载附件</a>\n</p>\n<p class=\"xg1 y\"><span title=\"2022-07-16 15:13\">2&nbsp;分钟前</span> 上传</p>\n</div>\n<div class=\"tip_horn\"></div>\n</div>\n</div>\n<br>\n<div>\n<img src=\"https://www.98tuch.net/tupian/forum/202207/16/151357mpxiddihzpzjolhp.jpg\" referrerpolicy=\"no-referrer\">\n<div class=\"tip tip_4 aimg_tip\" id=\"aimg_2143917_menu\" style=\"position: absolute; display: none\" disautofocus=\"true\">\n<div class=\"xs0\">\n<p><strong>apns-058-C.jpg</strong> <em class=\"xg1\">(282.59 KB, 下载次数: 0)</em></p>\n<p>\n<a href=\"https://www.98tuch.net/tupian/forum/202207/16/151357mpxiddihzpzjolhp.jpg\" target=\"_blank\">下载附件</a>\n</p>\n<p class=\"xg1 y\"><span title=\"2022-07-16 15:13\">2&nbsp;分钟前</span> 上传</p>\n</div>\n<div class=\"tip_horn\"></div>\n</div>\n</div>\n<br>\n磁力链接：<br> <div class=\"blockcode\"><div id=\"code_Bw1\"><ol><li>magnet:?xt=urn:btih:458F9CAE4B5C2B2F5C712DB9E0470571FD53273C</li></ol></div><em onclick=\"if (!window.__cfRLUnblockHandlers) return false; copycode($('code_Bw1'));\" data-cf-modified-a586d565e492e0067bd46375-=\"\">复制代码</em></div><br>\n<br>\n",
        "id": "https://www.sehuatang.net/thread-912438-1-1.html",
        "link": "https://www.sehuatang.net/thread-912438-1-1.html",
        "title": "[有码高清] APNS-058 耻辱的OL温泉伴侣 永井",
        "torrentURL": "magnet:?xt=urn:btih:458F9CAE4B5C2B2F5C712DB9E0470571FD53273C"
    },
    {
        "date": "16 Jul 2022 00:00:00 +0000",
        "description": "【影片名称】：妻子还在家的时候做XXX的我<br>\n【出演女优】：橘美穂 小野紗里奈 <br>\n【影片容量】：5.1G<br>\n【是否有码】：有码<br>\n【种子期限】：5种或健康度1000<br>\n【下载工具】：比特彗星 比特精灵 uTorrent QBittorrent 迅雷极速版【请不要用迅雷官方版下载，官方版本已经被屏蔽】<br>\n【影片预览】：看不到图请挂代理或点右键显示图片<br>\n<div>\n<img src=\"https://www.98tuch.net/tupian/forum/202207/16/152112hvv87biu545iuzuy.jpg\" referrerpolicy=\"no-referrer\">\n<div class=\"tip tip_4 aimg_tip\" id=\"aimg_2143960_menu\" style=\"position: absolute; display: none\" disautofocus=\"true\">\n<div class=\"xs0\">\n<p><strong>FSET-245.jpg</strong> <em class=\"xg1\">(193.48 KB, 下载次数: 0)</em></p>\n<p>\n<a href=\"https://www.98tuch.net/tupian/forum/202207/16/152112hvv87biu545iuzuy.jpg\" target=\"_blank\">下载附件</a>\n</p>\n<p class=\"xg1 y\"><span title=\"2022-07-16 15:21\">1&nbsp;分钟前</span> 上传</p>\n</div>\n<div class=\"tip_horn\"></div>\n</div>\n</div>\n<br>\n<div>\n<img src=\"https://www.98tuch.net/tupian/forum/202207/16/152112q13hq03h1zcue43h.jpg\" referrerpolicy=\"no-referrer\">\n<div class=\"tip tip_4 aimg_tip\" id=\"aimg_2143961_menu\" style=\"position: absolute; display: none\" disautofocus=\"true\">\n<div class=\"xs0\">\n<p><strong>fset-245-C.jpg</strong> <em class=\"xg1\">(280.92 KB, 下载次数: 0)</em></p>\n<p>\n<a href=\"https://www.98tuch.net/tupian/forum/202207/16/152112q13hq03h1zcue43h.jpg\" target=\"_blank\">下载附件</a>\n</p>\n<p class=\"xg1 y\"><span title=\"2022-07-16 15:21\">1&nbsp;分钟前</span> 上传</p>\n</div>\n<div class=\"tip_horn\"></div>\n</div>\n</div>\n<br>\n磁力链接：<br> <div class=\"blockcode\"><div id=\"code_LKb\"><ol><li>magnet:?xt=urn:btih:14C0E4752C2C90F0AFDEABCD3680D7B00C4FBB67</li></ol></div><em onclick=\"if (!window.__cfRLUnblockHandlers) return false; copycode($('code_LKb'));\" data-cf-modified-d80d8e9b591ae5994d5623ab-=\"\">复制代码</em></div><br>\n<br>\n",
        "id": "https://www.sehuatang.net/thread-912457-1-1.html",
        "link": "https://www.sehuatang.net/thread-912457-1-1.html",
        "title": "[有码高清] FSET-245 妻子还在家的时候做XXX的我",
        "torrentURL": "magnet:?xt=urn:btih:14C0E4752C2C90F0AFDEABCD3680D7B00C4FBB67"
    },
    {
        "date": "15 Jul 2022 00:00:00 +0000",
        "description": "【影片名称】：和恶心男们的同居性生活 <br>\n【出演女优】：花城彩<br>\n【影片容量】：6.3G<br>\n【是否有码】：有码<br>\n【种子期限】：5种或健康度1000<br>\n【下载工具】：比特彗星 比特精灵 uTorrent QBittorrent 迅雷极速版【请不要用迅雷官方版下载，官方版本已经被屏蔽】<br>\n【影片预览】：看不到图请挂代理或点右键显示图片<br>\n<div>\n<img src=\"https://www.98tuch.net/tupian/forum/202207/15/161347mv5pgfnynnjzeu0d.jpg\" referrerpolicy=\"no-referrer\">\n<div class=\"tip tip_4 aimg_tip\" id=\"aimg_2141533_menu\" style=\"position: absolute; display: none\" disautofocus=\"true\">\n<div class=\"xs0\">\n<p><strong>VRTM-098.jpg</strong> <em class=\"xg1\">(199.87 KB, 下载次数: 0)</em></p>\n<p>\n<a href=\"https://www.98tuch.net/tupian/forum/202207/15/161347mv5pgfnynnjzeu0d.jpg\" target=\"_blank\">下载附件</a>\n</p>\n<p class=\"xg1 y\"><span title=\"2022-07-15 16:13\">32&nbsp;秒前</span> 上传</p>\n</div>\n<div class=\"tip_horn\"></div>\n</div>\n</div>\n<br>\n<div>\n<img src=\"https://www.98tuch.net/tupian/forum/202207/15/161348fzv4vbpf4fg2tefx.jpg\" referrerpolicy=\"no-referrer\">\n<div class=\"tip tip_4 aimg_tip\" id=\"aimg_2141534_menu\" style=\"position: absolute; display: none\" disautofocus=\"true\">\n<div class=\"xs0\">\n<p><strong>vrtm-098-C.jpg</strong> <em class=\"xg1\">(288.32 KB, 下载次数: 0)</em></p>\n<p>\n<a href=\"https://www.98tuch.net/tupian/forum/202207/15/161348fzv4vbpf4fg2tefx.jpg\" target=\"_blank\">下载附件</a>\n</p>\n<p class=\"xg1 y\"><span title=\"2022-07-15 16:13\">31&nbsp;秒前</span> 上传</p>\n</div>\n<div class=\"tip_horn\"></div>\n</div>\n</div>\n<br>\n磁力链接<br> <div class=\"blockcode\"><div id=\"code_XWT\"><ol><li>magnet:?xt=urn:btih:5ADE725E44B2D187AE41836E2A8AFC94BB3B2404</li></ol></div><em onclick=\"if (!window.__cfRLUnblockHandlers) return false; copycode($('code_XWT'));\" data-cf-modified-0d479a752e2eda2ac22e366d-=\"\">复制代码</em></div><br>\n<br>\n",
        "id": "https://www.sehuatang.net/thread-911428-1-1.html",
        "link": "https://www.sehuatang.net/thread-911428-1-1.html",
        "title": "[有码高清] VRTM-098 和恶心男们的同居性生活 花城彩",
        "torrentURL": "magnet:?xt=urn:btih:5ADE725E44B2D187AE41836E2A8AFC94BB3B2404"
    },
    {
        "date": "15 Jul 2022 00:00:00 +0000",
        "description": "【影片名称】：其实不擅长拒绝人的女教师<br>\n【出演女优】：矢吹杏<br>\n【影片容量】：5.1G<br>\n【是否有码】：有码<br>\n【种子期限】：5种或健康度1000<br>\n【下载工具】：比特彗星 比特精灵 uTorrent QBittorrent 迅雷极速版【请不要用迅雷官方版下载，官方版本已经被屏蔽】<br>\n【影片预览】：看不到图请挂代理或点右键显示图片<br>\n<div>\n<img src=\"https://www.98tuch.net/tupian/forum/202207/15/161440mzcp1ca8a68cccar.jpg\" referrerpolicy=\"no-referrer\">\n<div class=\"tip tip_4 aimg_tip\" id=\"aimg_2141536_menu\" style=\"position: absolute; display: none\" disautofocus=\"true\">\n<div class=\"xs0\">\n<p><strong>XV-906.jpg</strong> <em class=\"xg1\">(136.73 KB, 下载次数: 0)</em></p>\n<p>\n<a href=\"https://www.98tuch.net/tupian/forum/202207/15/161440mzcp1ca8a68cccar.jpg\" target=\"_blank\">下载附件</a>\n</p>\n<p class=\"xg1 y\"><span title=\"2022-07-15 16:14\">4&nbsp;分钟前</span> 上传</p>\n</div>\n<div class=\"tip_horn\"></div>\n</div>\n</div>\n<br>\n<div>\n<img src=\"https://www.98tuch.net/tupian/forum/202207/15/161440q0y2v00vhedtpyd3.jpg\" referrerpolicy=\"no-referrer\">\n<div class=\"tip tip_4 aimg_tip\" id=\"aimg_2141537_menu\" style=\"position: absolute; display: none\" disautofocus=\"true\">\n<div class=\"xs0\">\n<p><strong>xv-906-C.jpg</strong> <em class=\"xg1\">(290.09 KB, 下载次数: 0)</em></p>\n<p>\n<a href=\"https://www.98tuch.net/tupian/forum/202207/15/161440q0y2v00vhedtpyd3.jpg\" target=\"_blank\">下载附件</a>\n</p>\n<p class=\"xg1 y\"><span title=\"2022-07-15 16:14\">4&nbsp;分钟前</span> 上传</p>\n</div>\n<div class=\"tip_horn\"></div>\n</div>\n</div>\n<br>\n磁力链接：<br> <div class=\"blockcode\"><div id=\"code_U7M\"><ol><li>magnet:?xt=urn:btih:7AC24270CBA023DBB0134D604C1CB3D289365085</li></ol></div><em onclick=\"if (!window.__cfRLUnblockHandlers) return false; copycode($('code_U7M'));\" data-cf-modified-56b75d6e9f1bd753cd85341d-=\"\">复制代码</em></div><br>\n<br>\n",
        "id": "https://www.sehuatang.net/thread-911429-1-1.html",
        "link": "https://www.sehuatang.net/thread-911429-1-1.html",
        "title": "[有码高清] XV-906 其实不擅长拒绝人的女教师 矢吹杏",
        "torrentURL": "magnet:?xt=urn:btih:7AC24270CBA023DBB0134D604C1CB3D289365085"
    },
    {
        "date": "16 Jul 2022 00:00:00 +0000",
        "description": "【影片名称】：原艺人 白虎出道 <br>\n【出演女优】：西园寺怜绪<br>\n【影片容量】：6.23G<br>\n【是否有码】：有码<br>\n【种子期限】：5种或健康度1000<br>\n【下载工具】：比特彗星 比特精灵 uTorrent QBittorrent 迅雷极速版【请不要用迅雷官方版下载，官方版本已经被屏蔽】<br>\n【影片预览】：看不到图请挂代理或点右键显示图片<br>\n<div>\n<img src=\"https://www.98tuch.net/tupian/forum/202207/16/151558fex4heh04je0dgv0.jpg\" referrerpolicy=\"no-referrer\">\n<div class=\"tip tip_4 aimg_tip\" id=\"aimg_2143934_menu\" style=\"position: absolute; display: none\" disautofocus=\"true\">\n<div class=\"xs0\">\n<p><strong>BF-194.jpg</strong> <em class=\"xg1\">(134.49 KB, 下载次数: 0)</em></p>\n<p>\n<a href=\"https://www.98tuch.net/tupian/forum/202207/16/151558fex4heh04je0dgv0.jpg\" target=\"_blank\">下载附件</a>\n</p>\n<p class=\"xg1 y\"><span title=\"2022-07-16 15:15\">6&nbsp;分钟前</span> 上传</p>\n</div>\n<div class=\"tip_horn\"></div>\n</div>\n</div>\n<br>\n<div>\n<img src=\"https://www.98tuch.net/tupian/forum/202207/16/151558wxezvlgwqrsgsdyg.jpg\" referrerpolicy=\"no-referrer\">\n<div class=\"tip tip_4 aimg_tip\" id=\"aimg_2143935_menu\" style=\"position: absolute; display: none\" disautofocus=\"true\">\n<div class=\"xs0\">\n<p><strong>bf-194-C.jpg</strong> <em class=\"xg1\">(267.28 KB, 下载次数: 0)</em></p>\n<p>\n<a href=\"https://www.98tuch.net/tupian/forum/202207/16/151558wxezvlgwqrsgsdyg.jpg\" target=\"_blank\">下载附件</a>\n</p>\n<p class=\"xg1 y\"><span title=\"2022-07-16 15:15\">6&nbsp;分钟前</span> 上传</p>\n</div>\n<div class=\"tip_horn\"></div>\n</div>\n</div>\n<br>\n磁力链接：<br> <div class=\"blockcode\"><div id=\"code_dw1\"><ol><li>magnet:?xt=urn:btih:7794FDD02ACC7C380C0E4C7A1D5B4C7FC233917D</li></ol></div><em onclick=\"if (!window.__cfRLUnblockHandlers) return false; copycode($('code_dw1'));\" data-cf-modified-654964504cb893b3fcd3c8ef-=\"\">复制代码</em></div><br>\n<br>\n",
        "id": "https://www.sehuatang.net/thread-912444-1-1.html",
        "link": "https://www.sehuatang.net/thread-912444-1-1.html",
        "title": "[有码高清] BF-194 原艺人 白虎出道 西园寺怜绪",
        "torrentURL": "magnet:?xt=urn:btih:7794FDD02ACC7C380C0E4C7A1D5B4C7FC233917D"
    },
    {
        "date": "16 Jul 2022 00:00:00 +0000",
        "description": "【影片名称】：有全裸爆乳向导的巴士旅游 <br>\n【出演女优】：千乃杏美<br>\n【影片容量】：5.01G<br>\n【是否有码】：有码<br>\n【种子期限】：5种或健康度1000<br>\n【下载工具】：比特彗星 比特精灵 uTorrent QBittorrent 迅雷极速版【请不要用迅雷官方版下载，官方版本已经被屏蔽】<br>\n【影片预览】：看不到图请挂代理或点右键显示图片<br>\n<div>\n<img src=\"https://www.98tuch.net/tupian/forum/202207/16/151728gte21lpt5llzou11.jpg\" referrerpolicy=\"no-referrer\">\n<div class=\"tip tip_4 aimg_tip\" id=\"aimg_2143945_menu\" style=\"position: absolute; display: none\" disautofocus=\"true\">\n<div class=\"xs0\">\n<p><strong>EBOD-406.jpg</strong> <em class=\"xg1\">(158.06 KB, 下载次数: 0)</em></p>\n<p>\n<a href=\"https://www.98tuch.net/tupian/forum/202207/16/151728gte21lpt5llzou11.jpg\" target=\"_blank\">下载附件</a>\n</p>\n<p class=\"xg1 y\"><span title=\"2022-07-16 15:17\">4&nbsp;分钟前</span> 上传</p>\n</div>\n<div class=\"tip_horn\"></div>\n</div>\n</div>\n<br>\n<div>\n<img src=\"https://www.98tuch.net/tupian/forum/202207/16/151728q65007d6482tm2d8.jpg\" referrerpolicy=\"no-referrer\">\n<div class=\"tip tip_4 aimg_tip\" id=\"aimg_2143946_menu\" style=\"position: absolute; display: none\" disautofocus=\"true\">\n<div class=\"xs0\">\n<p><strong>ebod-406-C.jpg</strong> <em class=\"xg1\">(269.03 KB, 下载次数: 0)</em></p>\n<p>\n<a href=\"https://www.98tuch.net/tupian/forum/202207/16/151728q65007d6482tm2d8.jpg\" target=\"_blank\">下载附件</a>\n</p>\n<p class=\"xg1 y\"><span title=\"2022-07-16 15:17\">4&nbsp;分钟前</span> 上传</p>\n</div>\n<div class=\"tip_horn\"></div>\n</div>\n</div>\n<br>\n磁力链接：<br> <div class=\"blockcode\"><div id=\"code_c2P\"><ol><li>magnet:?xt=urn:btih:16578511F22E058F1E1972C68E075117D965C3FA</li></ol></div><em onclick=\"if (!window.__cfRLUnblockHandlers) return false; copycode($('code_c2P'));\" data-cf-modified-9af86599e5ccf05bc5752e6a-=\"\">复制代码</em></div><br>\n<br>\n",
        "id": "https://www.sehuatang.net/thread-912449-1-1.html",
        "link": "https://www.sehuatang.net/thread-912449-1-1.html",
        "title": "[有码高清] EBOD-406 有全裸爆乳向导的巴士旅游 千乃杏美",
        "torrentURL": "magnet:?xt=urn:btih:16578511F22E058F1E1972C68E075117D965C3FA"
    },
    {
        "date": "15 Jul 2022 00:00:00 +0000",
        "description": "【影片名称】：超完美BODY苗条美巨乳 痴女大乱交SP<br>\n【出演女优】：橘优花 椎名真理奈 知花梅莎 百合川沙良<br>\n【影片容量】：6.93G<br>\n【是否有码】：有码<br>\n【种子期限】：5种或健康度1000<br>\n【下载工具】：比特彗星 比特精灵 uTorrent QBittorrent 迅雷极速版【请不要用迅雷官方版下载，官方版本已经被屏蔽】<br>\n【影片预览】：看不到图请挂代理或点右键显示图片<br>\n<div>\n<img src=\"https://www.98tuch.net/tupian/forum/202207/15/160849ychdh5sb1fazjssb.jpg\" referrerpolicy=\"no-referrer\">\n<div class=\"tip tip_4 aimg_tip\" id=\"aimg_2141491_menu\" style=\"position: absolute; display: none\" disautofocus=\"true\">\n<div class=\"xs0\">\n<p><strong>BID-050.jpg</strong> <em class=\"xg1\">(166.77 KB, 下载次数: 0)</em></p>\n<p>\n<a href=\"https://www.98tuch.net/tupian/forum/202207/15/160849ychdh5sb1fazjssb.jpg\" target=\"_blank\">下载附件</a>\n</p>\n<p class=\"xg1 y\"><span title=\"2022-07-15 16:08\">5&nbsp;分钟前</span> 上传</p>\n</div>\n<div class=\"tip_horn\"></div>\n</div>\n</div>\n<br>\n<div>\n<img src=\"https://www.98tuch.net/tupian/forum/202207/15/160849g2zc3qnociuvzab7.jpg\" referrerpolicy=\"no-referrer\">\n<div class=\"tip tip_4 aimg_tip\" id=\"aimg_2141492_menu\" style=\"position: absolute; display: none\" disautofocus=\"true\">\n<div class=\"xs0\">\n<p><strong>bid-050-C.jpg</strong> <em class=\"xg1\">(318.95 KB, 下载次数: 0)</em></p>\n<p>\n<a href=\"https://www.98tuch.net/tupian/forum/202207/15/160849g2zc3qnociuvzab7.jpg\" target=\"_blank\">下载附件</a>\n</p>\n<p class=\"xg1 y\"><span title=\"2022-07-15 16:08\">5&nbsp;分钟前</span> 上传</p>\n</div>\n<div class=\"tip_horn\"></div>\n</div>\n</div>\n<br>\n磁力链接：<br> <div class=\"blockcode\"><div id=\"code_Uxy\"><ol><li>magnet:?xt=urn:btih:1F914285FD506CCBC8DFB44961700F15BE31CA60</li></ol></div><em onclick=\"if (!window.__cfRLUnblockHandlers) return false; copycode($('code_Uxy'));\" data-cf-modified-9b86cdfd193a78c99810aa87-=\"\">复制代码</em></div><br>\n<br>\n",
        "id": "https://www.sehuatang.net/thread-911415-1-1.html",
        "link": "https://www.sehuatang.net/thread-911415-1-1.html",
        "title": "[有码高清] BID-050 超完美BODY苗条美巨乳 痴女大乱交SP 橘优花 椎名真理奈 知花梅莎",
        "torrentURL": "magnet:?xt=urn:btih:1F914285FD506CCBC8DFB44961700F15BE31CA60"
    },
    {
        "date": "16 Jul 2022 00:00:00 +0000",
        "description": "【影片名称】：人妻是前艺人！作为偶像无法展示性感的肉体 引退后结婚 在AV业界复活的G CUP人妻<br>\n【出演女优】：二宮和香 能美ちなつ &nbsp; &nbsp; &nbsp; &nbsp; <br>\n【影片容量】：6.1G<br>\n【是否有码】：有码<br>\n【种子期限】：5种或健康度1000<br>\n【下载工具】：比特彗星 比特精灵 uTorrent QBittorrent 迅雷极速版【请不要用迅雷官方版下载，官方版本已经被屏蔽】<br>\n【影片预览】：看不到图请挂代理或点右键显示图片<br>\n<div>\n<img src=\"https://www.98tuch.net/tupian/forum/202207/16/151942yqekiq12ehjjtjyh.jpg\" referrerpolicy=\"no-referrer\">\n<div class=\"tip tip_4 aimg_tip\" id=\"aimg_2143954_menu\" style=\"position: absolute; display: none\" disautofocus=\"true\">\n<div class=\"xs0\">\n<p><strong>EYAN-048.jpg</strong> <em class=\"xg1\">(139.15 KB, 下载次数: 0)</em></p>\n<p>\n<a href=\"https://www.98tuch.net/tupian/forum/202207/16/151942yqekiq12ehjjtjyh.jpg\" target=\"_blank\">下载附件</a>\n</p>\n<p class=\"xg1 y\"><span title=\"2022-07-16 15:19\">2&nbsp;分钟前</span> 上传</p>\n</div>\n<div class=\"tip_horn\"></div>\n</div>\n</div>\n<br>\n<div>\n<img src=\"https://www.98tuch.net/tupian/forum/202207/16/151942s9q6qll33q1663ij.jpg\" referrerpolicy=\"no-referrer\">\n<div class=\"tip tip_4 aimg_tip\" id=\"aimg_2143955_menu\" style=\"position: absolute; display: none\" disautofocus=\"true\">\n<div class=\"xs0\">\n<p><strong>eyan-048-C.jpg</strong> <em class=\"xg1\">(326.48 KB, 下载次数: 0)</em></p>\n<p>\n<a href=\"https://www.98tuch.net/tupian/forum/202207/16/151942s9q6qll33q1663ij.jpg\" target=\"_blank\">下载附件</a>\n</p>\n<p class=\"xg1 y\"><span title=\"2022-07-16 15:19\">2&nbsp;分钟前</span> 上传</p>\n</div>\n<div class=\"tip_horn\"></div>\n</div>\n</div>\n<br>\n磁力链接：<br> <div class=\"blockcode\"><div id=\"code_M0g\"><ol><li>magnet:?xt=urn:btih:F1ED232934A053D91F02A172FE644E49E605D089</li></ol></div><em onclick=\"if (!window.__cfRLUnblockHandlers) return false; copycode($('code_M0g'));\" data-cf-modified-680b678ba9bda1e312a0c4af-=\"\">复制代码</em></div><br>\n<br>\n",
        "id": "https://www.sehuatang.net/thread-912455-1-1.html",
        "link": "https://www.sehuatang.net/thread-912455-1-1.html",
        "title": "[有码高清] EYAN-048 人妻是前艺人！作为偶像无法展示性感的肉体 引退后结婚 在AV业界复活的G CUP人妻",
        "torrentURL": "magnet:?xt=urn:btih:F1ED232934A053D91F02A172FE644E49E605D089"
    },
    {
        "date": "16 Jul 2022 00:00:00 +0000",
        "description": "【影片名称】：川嶋あみ、白瀬あいみ 、加賀雅、日高ゆりあ<br>\n【出演女优】：川嶋あみ、白瀬あいみ 、加賀雅、日高ゆりあ<br>\n【影片容量】：5.02G<br>\n【是否有码】：有码<br>\n【种子期限】：5种或健康度1000<br>\n【下载工具】：比特彗星 比特精灵 uTorrent QBittorrent 迅雷极速版【请不要用迅雷官方版下载，官方版本已经被屏蔽】<br>\n【影片预览】：看不到图请挂代理或点右键显示图片<br>\n<div>\n<img src=\"https://www.98tuch.net/tupian/forum/202207/16/152031oolccujcoqlbqleq.jpg\" referrerpolicy=\"no-referrer\">\n<div class=\"tip tip_4 aimg_tip\" id=\"aimg_2143957_menu\" style=\"position: absolute; display: none\" disautofocus=\"true\">\n<div class=\"xs0\">\n<p><strong>FAX-195.jpg</strong> <em class=\"xg1\">(190.96 KB, 下载次数: 0)</em></p>\n<p>\n<a href=\"https://www.98tuch.net/tupian/forum/202207/16/152031oolccujcoqlbqleq.jpg\" target=\"_blank\">下载附件</a>\n</p>\n<p class=\"xg1 y\"><span title=\"2022-07-16 15:20\">1&nbsp;分钟前</span> 上传</p>\n</div>\n<div class=\"tip_horn\"></div>\n</div>\n</div>\n<br>\n<div>\n<img src=\"https://www.98tuch.net/tupian/forum/202207/16/152031jel85rx09b8re98l.jpg\" referrerpolicy=\"no-referrer\">\n<div class=\"tip tip_4 aimg_tip\" id=\"aimg_2143958_menu\" style=\"position: absolute; display: none\" disautofocus=\"true\">\n<div class=\"xs0\">\n<p><strong>fax-195-C.jpg</strong> <em class=\"xg1\">(319.06 KB, 下载次数: 0)</em></p>\n<p>\n<a href=\"https://www.98tuch.net/tupian/forum/202207/16/152031jel85rx09b8re98l.jpg\" target=\"_blank\">下载附件</a>\n</p>\n<p class=\"xg1 y\"><span title=\"2022-07-16 15:20\">1&nbsp;分钟前</span> 上传</p>\n</div>\n<div class=\"tip_horn\"></div>\n</div>\n</div>\n<br>\n磁力链接：<br> <div class=\"blockcode\"><div id=\"code_Da7\"><ol><li>magnet:?xt=urn:btih:6D428F8949E529950B66C76BBEF7E2C64979AC5C</li></ol></div><em onclick=\"if (!window.__cfRLUnblockHandlers) return false; copycode($('code_Da7'));\" data-cf-modified-2eb303674bc37a76e8dfbb8b-=\"\">复制代码</em></div><br>\n<br>\n",
        "id": "https://www.sehuatang.net/thread-912456-1-1.html",
        "link": "https://www.sehuatang.net/thread-912456-1-1.html",
        "title": "[有码高清] FAX-195 川嶋あみ、白瀬あいみ 、加賀雅、日高ゆりあ",
        "torrentURL": "magnet:?xt=urn:btih:6D428F8949E529950B66C76BBEF7E2C64979AC5C"
    },
    {
        "date": "15 Jul 2022 00:00:00 +0000",
        "description": "【影片名称】：下流家庭教师<br>\n【出演女优】：月城瑞妮<br>\n【影片容量】：5.05G<br>\n【是否有码】：有码<br>\n【种子期限】：5种或健康度1000<br>\n【下载工具】：比特彗星 比特精灵 uTorrent QBittorrent 迅雷极速版【请不要用迅雷官方版下载，官方版本已经被屏蔽】<br>\n【影片预览】：看不到图请挂代理或点右键显示图片<br>\n<div>\n<img src=\"https://www.98tuch.net/tupian/forum/202207/15/161225oni4624hf2nxn9mi.jpg\" referrerpolicy=\"no-referrer\">\n<div class=\"tip tip_4 aimg_tip\" id=\"aimg_2141523_menu\" style=\"position: absolute; display: none\" disautofocus=\"true\">\n<div class=\"xs0\">\n<p><strong>MIDD-877.jpg</strong> <em class=\"xg1\">(163.09 KB, 下载次数: 0)</em></p>\n<p>\n<a href=\"https://www.98tuch.net/tupian/forum/202207/15/161225oni4624hf2nxn9mi.jpg\" target=\"_blank\">下载附件</a>\n</p>\n<p class=\"xg1 y\"><span title=\"2022-07-15 16:12\">1&nbsp;分钟前</span> 上传</p>\n</div>\n<div class=\"tip_horn\"></div>\n</div>\n</div>\n<br>\n<div>\n<img src=\"https://www.98tuch.net/tupian/forum/202207/15/161225z8b8jfbybb8rw67l.jpg\" referrerpolicy=\"no-referrer\">\n<div class=\"tip tip_4 aimg_tip\" id=\"aimg_2141524_menu\" style=\"position: absolute; display: none\" disautofocus=\"true\">\n<div class=\"xs0\">\n<p><strong>midd-877-C.jpg</strong> <em class=\"xg1\">(306.97 KB, 下载次数: 0)</em></p>\n<p>\n<a href=\"https://www.98tuch.net/tupian/forum/202207/15/161225z8b8jfbybb8rw67l.jpg\" target=\"_blank\">下载附件</a>\n</p>\n<p class=\"xg1 y\"><span title=\"2022-07-15 16:12\">1&nbsp;分钟前</span> 上传</p>\n</div>\n<div class=\"tip_horn\"></div>\n</div>\n</div>\n<br>\n磁力链接：<br> <div class=\"blockcode\"><div id=\"code_fne\"><ol><li>magnet:?xt=urn:btih:4E9909784F763FB459860D545A000440B63C2CE1</li></ol></div><em onclick=\"if (!window.__cfRLUnblockHandlers) return false; copycode($('code_fne'));\" data-cf-modified-9ef81c402cc4f6855dfa0740-=\"\">复制代码</em></div><br>\n<br>\n",
        "id": "https://www.sehuatang.net/thread-911426-1-1.html",
        "link": "https://www.sehuatang.net/thread-911426-1-1.html",
        "title": "[有码高清] MIDD-877 下流家庭教师 月城瑞妮",
        "torrentURL": "magnet:?xt=urn:btih:4E9909784F763FB459860D545A000440B63C2CE1"
    }
]
